,Date,EUR_USD,EUR_GBP
0,2020-01-01,1.1220825910568237,0.8461999893188477
1,2020-01-02,1.1220825910568237,0.8465700149536133
2,2020-01-03,1.1171437501907349,0.8495000004768372
3,2020-01-06,1.1161960363388062,0.8532900214195251
4,2020-01-07,1.1197994947433472,0.8499799966812134
5,2020-01-08,1.1154738664627075,0.8505300283432007
6,2020-01-09,1.1113210916519165,0.8478999733924866
7,2020-01-10,1.1111111640930176,0.8499500155448914
8,2020-01-13,1.1116669178009033,0.8521299958229065
9,2020-01-14,1.1135733127593994,0.8573200106620789
10,2020-01-15,1.113089919090271,0.8545200228691101
11,2020-01-16,1.1154004335403442,0.8550999760627747
12,2020-01-17,1.1139578819274902,0.8514000177383423
13,2020-01-20,1.1094592809677124,0.8529000282287598
14,2020-01-21,1.109693169593811,0.8532000184059143
15,2020-01-22,1.108561396598816,0.8496900200843811
16,2020-01-23,1.1096439361572266,0.8440999984741211
17,2020-01-24,1.1055220365524292,0.8425899744033813
18,2020-01-27,1.1025358438491821,0.8440200090408325
19,2020-01-28,1.101976990699768,0.8437100052833557
20,2020-01-29,1.1022562980651855,0.8462399840354919
21,2020-01-30,1.1016855239868164,0.8457499742507935
22,2020-01-31,1.1029127836227417,0.8427299857139587
23,2020-02-03,1.1089794635772705,0.8412500023841858
24,2020-02-04,1.1062926054000854,0.8508999943733215
25,2020-02-05,1.1047282218933105,0.8475800156593323
26,2020-02-06,1.1002310514450073,0.8464000225067139
27,2020-02-07,1.0982975959777832,0.8492000102996826
28,2020-02-10,1.0949305295944214,0.8493099808692932
29,2020-02-11,1.0913456678390503,0.8446599841117859
30,2020-02-12,1.091941475868225,0.8426799774169922
31,2020-02-13,1.0875948667526245,0.8392900228500366
32,2020-02-14,1.0845986604690552,0.8309000134468079
33,2020-02-17,1.0841753482818604,0.8305000066757202
34,2020-02-18,1.0840108394622803,0.8331300020217896
35,2020-02-19,1.079540491104126,0.830299973487854
36,2020-02-20,1.081009864807129,0.8363000154495239
37,2020-02-21,1.078799843788147,0.8373900055885315
38,2020-02-24,1.0839051008224487,0.836679995059967
39,2020-02-25,1.0849199295043945,0.8391000032424927
40,2020-02-26,1.0881996154785156,0.8366199731826782
41,2020-02-27,1.0885894298553467,0.8433200120925903
42,2020-02-28,1.0997228622436523,0.8531500101089478
43,2020-03-02,1.1051311492919922,0.8628399968147278
44,2020-03-03,1.1144047975540161,0.8727499842643738
45,2020-03-04,1.118067979812622,0.8716999888420105
46,2020-03-05,1.113908290863037,0.8652700185775757
47,2020-03-06,1.1223849058151245,0.8666200041770935
48,2020-03-09,1.1386020183563232,0.869159996509552
49,2020-03-10,1.1397960186004639,0.871749997138977
50,2020-03-11,1.1316505670547485,0.8766599893569946
51,2020-03-12,1.1261515617370605,0.8784499764442444
52,2020-03-13,1.1184931993484497,0.8897299766540527
53,2020-03-16,1.115536093711853,0.8993200063705444
54,2020-03-17,1.1163206100463867,0.9099000096321106
55,2020-03-18,1.101552128791809,0.9086099863052368
56,2020-03-19,1.0961546897888184,0.9424999952316284
57,2020-03-20,1.0657345056533813,0.9269700050354004
58,2020-03-23,1.0694386959075928,0.919920027256012
59,2020-03-24,1.0764610767364502,0.9282600283622742
60,2020-03-25,1.080263614654541,0.916159987449646
61,2020-03-26,1.0889569520950317,0.9187600016593933
62,2020-03-27,1.1048258543014526,0.905460000038147
63,2020-03-30,1.113908290863037,0.8943600058555603
64,2020-03-31,1.1030466556549072,0.8914200067520142
65,2020-04-01,1.102657437324524,0.8886100053787231
66,2020-04-02,1.0953621864318848,0.8845000267028809
67,2020-04-03,1.0847399234771729,0.875029981136322
68,2020-04-06,1.0806955099105835,0.8842700123786926
69,2020-04-07,1.0803803205490112,0.8823599815368652
70,2020-04-08,1.0895144939422607,0.8829200267791748
71,2020-04-09,1.0863661766052246,0.8765000104904175
72,2020-04-10,1.0927408933639526,0.8768699765205383
73,2020-04-13,1.0932666063308716,0.8772500157356262
74,2020-04-14,1.0922993421554565,0.871999979019165
75,2020-04-15,1.098538875579834,0.869949996471405
76,2020-04-16,1.0905101299285889,0.8708000183105469
77,2020-04-17,1.0858471393585205,0.8695999979972839
78,2020-04-20,1.0866966247558594,0.8701599836349487
79,2020-04-21,1.0864840745925903,0.873199999332428
80,2020-04-22,1.0856467485427856,0.8826000094413757
81,2020-04-23,1.080964207649231,0.8769000172615051
82,2020-04-24,1.077702283859253,0.8722000122070312
83,2020-04-27,1.08236825466156,0.8749899864196777
84,2020-04-28,1.0824854373931885,0.8713099956512451
85,2020-04-29,1.0836584568023682,0.8711100220680237
86,2020-04-30,1.087725043296814,0.8720800280570984
87,2020-05-01,1.094546914100647,0.8698700070381165
88,2020-05-04,1.0959625244140625,0.8799300193786621
89,2020-05-05,1.0904293060302734,0.8760600090026855
90,2020-05-06,1.0838581323623657,0.8710100054740906
91,2020-05-07,1.0798553228378296,0.8760200142860413
92,2020-05-08,1.0837171077728271,0.8755900263786316
93,2020-05-11,1.0839520692825317,0.8727999925613403
94,2020-05-12,1.080940842628479,0.8766000270843506
95,2020-05-13,1.0846810340881348,0.8851400017738342
96,2020-05-14,1.08236825466156,0.8839700222015381
97,2020-05-15,1.0806955099105835,0.883400022983551
98,2020-05-18,1.0821340084075928,0.8951500058174133
99,2020-05-19,1.0915124416351318,0.8946099877357483
100,2020-05-20,1.0927767753601074,0.891480028629303
101,2020-05-21,1.0982975959777832,0.8970999717712402
102,2020-05-22,1.0952903032302856,0.8957700133323669
103,2020-05-25,1.0907801389694214,0.895110011100769
104,2020-05-26,1.0902997255325317,0.8933799862861633
105,2020-05-27,1.0981770753860474,0.8901000022888184
106,2020-05-28,1.1016855239868164,0.8981900215148926
107,2020-05-29,1.1079105138778687,0.8991100192070007
108,2020-06-01,1.1118524074554443,0.9003700017929077
109,2020-06-02,1.1125946044921875,0.8909500241279602
110,2020-06-03,1.118943691253662,0.8890500068664551
111,2020-06-04,1.1235954761505127,0.8933600187301636
112,2020-06-05,1.1337867975234985,0.8989899754524231
113,2020-06-08,1.1319515705108643,0.8894400000572205
114,2020-06-09,1.1305567026138306,0.8876799941062927
115,2020-06-10,1.1332215070724487,0.891480028629303
116,2020-06-11,1.1365444660186768,0.8941400051116943
117,2020-06-12,1.1288082599639893,0.8977000117301941
118,2020-06-15,1.1252011060714722,0.8994500041007996
119,2020-06-16,1.1337740421295166,0.8970000147819519
120,2020-06-17,1.1265701055526733,0.895110011100769
121,2020-06-18,1.1242902278900146,0.895579993724823
122,2020-06-19,1.1211000680923462,0.9018999934196472
123,2020-06-22,1.1177555322647095,0.9051399827003479
124,2020-06-23,1.1279679536819458,0.902209997177124
125,2020-06-24,1.1312345266342163,0.9031400084495544
126,2020-06-25,1.1250872611999512,0.9062899947166443
127,2020-06-26,1.1222084760665894,0.9029399752616882
128,2020-06-29,1.1225864887237549,0.9093000292778015
129,2020-06-30,1.1247202157974243,0.9135599732398987
130,2020-07-01,1.1235954761505127,0.9065999984741211
131,2020-07-02,1.1251378059387207,0.9025999903678894
132,2020-07-03,1.1237848997116089,0.901390016078949
133,2020-07-06,1.1247202157974243,0.9014899730682373
134,2020-07-07,1.1312856674194336,0.9052900075912476
135,2020-07-08,1.1275228261947632,0.8988999724388123
136,2020-07-09,1.1339154243469238,0.8987799882888794
137,2020-07-10,1.1287955045700073,0.8954300284385681
138,2020-07-13,1.1310042142868042,0.8956000208854675
139,2020-07-14,1.134549617767334,0.9038199782371521
140,2020-07-15,1.1410704851150513,0.9077699780464172
141,2020-07-16,1.1417193412780762,0.9066900014877319
142,2020-07-17,1.139211654663086,0.9067000150680542
143,2020-07-20,1.1442956924438477,0.9101499915122986
144,2020-07-21,1.1458691358566284,0.9047999978065491
145,2020-07-22,1.15340256690979,0.9059500098228455
146,2020-07-23,1.1568717956542969,0.9085100293159485
147,2020-07-24,1.1596084833145142,0.9108099937438965
148,2020-07-27,1.1652567386627197,0.910610020160675
149,2020-07-28,1.1769275665283203,0.9130300283432007
150,2020-07-29,1.171879529953003,0.9066799879074097
151,2020-07-30,1.1782865524291992,0.9075700044631958
152,2020-07-31,1.1872254610061646,0.904990017414093
153,2020-08-03,1.1782310009002686,0.8992300033569336
154,2020-08-04,1.1763322353363037,0.8992999792098999
155,2020-08-05,1.181544303894043,0.9028400182723999
156,2020-08-06,1.187281847000122,0.904420018196106
157,2020-08-07,1.1876484155654907,0.9037500023841858
158,2020-08-10,1.1782727241516113,0.9026399850845337
159,2020-08-11,1.1737778186798096,0.8975399732589722
160,2020-08-12,1.1736538410186768,0.8992499709129333
161,2020-08-13,1.179380178451538,0.9039300084114075
162,2020-08-14,1.1816558837890625,0.9039999842643738
163,2020-08-17,1.1852554082870483,0.9043999910354614
164,2020-08-18,1.1876484155654907,0.9059000015258789
165,2020-08-19,1.1947859525680542,0.9014000296592712
166,2020-08-20,1.1843500137329102,0.9034000039100647
167,2020-08-21,1.1873664855957031,0.8977000117301941
168,2020-08-24,1.1798018217086792,0.9009600281715393
169,2020-08-25,1.1794538497924805,0.902239978313446
170,2020-08-26,1.183501958847046,0.8998000025749207
171,2020-08-27,1.1842728853225708,0.8955000042915344
172,2020-08-28,1.1819632053375244,0.8950999975204468
173,2020-08-31,1.1918240785598755,0.8922899961471558
174,2020-09-01,1.193901538848877,0.8932899832725525
175,2020-09-02,1.1923214197158813,0.889769971370697
176,2020-09-03,1.184735894203186,0.8873400092124939
177,2020-09-04,1.1839784383773804,0.8926500082015991
178,2020-09-07,1.183445930480957,0.8933799862861633
179,2020-09-08,1.1821727752685547,0.8979600071907043
180,2020-09-09,1.177024483680725,0.9074000120162964
181,2020-09-10,1.1806375980377197,0.9080100059509277
182,2020-09-11,1.1824384927749634,0.9231500029563904
183,2020-09-14,1.1842728853225708,0.9244800209999084
184,2020-09-15,1.187000036239624,0.9235600233078003
185,2020-09-16,1.1844412088394165,0.919189989566803
186,2020-09-17,1.1803449392318726,0.9107199907302856
187,2020-09-18,1.1848200559616089,0.913100004196167
188,2020-09-21,1.1845533847808838,0.915880024433136
189,2020-09-22,1.176800012588501,0.9175999760627747
190,2020-09-23,1.1708368062973022,0.9186000227928162
191,2020-09-24,1.1658544540405273,0.9162999987602234
192,2020-09-25,1.1673243045806885,0.9150500297546387
193,2020-09-28,1.1635348796844482,0.9113699793815613
194,2020-09-29,1.167883276939392,0.9071400165557861
195,2020-09-30,1.1742050647735596,0.9126399755477905
196,2020-10-01,1.1726078987121582,0.9071900248527527
197,2020-10-02,1.1744946241378784,0.9113699793815613
198,2020-10-05,1.1720443964004517,0.9063100218772888
199,2020-10-06,1.1792453527450562,0.9074000120162964
200,2020-10-07,1.1737639904022217,0.9109200239181519
201,2020-10-08,1.176747441291809,0.9108999967575073
202,2020-10-09,1.1767003536224365,0.909250020980835
203,2020-10-12,1.181683897972107,0.9067000150680542
204,2020-10-13,1.1816140413284302,0.9041299819946289
205,2020-10-14,1.1742188930511475,0.9076200127601624
206,2020-10-15,1.1743981838226318,0.902459979057312
207,2020-10-16,1.1707134246826172,0.9073299765586853
208,2020-10-19,1.1715501546859741,0.9061800241470337
209,2020-10-20,1.176885962486267,0.9087899923324585
210,2020-10-21,1.1829839944839478,0.9131699800491333
211,2020-10-22,1.1853959560394287,0.9025800228118896
212,2020-10-23,1.1815024614334106,0.9033700227737427
213,2020-10-26,1.1848480701446533,0.9075999855995178
214,2020-10-27,1.1809443235397339,0.9072499871253967
215,2020-10-28,1.1784114837646484,0.9040899872779846
216,2020-10-29,1.1748672723770142,0.90420001745224
217,2020-10-30,1.1678695678710938,0.9030500054359436
218,2020-11-02,1.1642121076583862,0.9005699753761292
219,2020-11-03,1.1642799377441406,0.900600016117096
220,2020-11-04,1.176221489906311,0.8963000178337097
221,2020-11-05,1.17326819896698,0.9047300219535828
222,2020-11-06,1.1817537546157837,0.8993499875068665
223,2020-11-09,1.1893010139465332,0.9022499918937683
224,2020-11-10,1.182732105255127,0.8978300094604492
225,2020-11-11,1.1818794012069702,0.8911600112915039
226,2020-11-12,1.1780297756195068,0.8907300233840942
227,2020-11-13,1.1803393363952637,0.8998000025749207
228,2020-11-16,1.1845253705978394,0.8959199786186218
229,2020-11-17,1.1859441995620728,0.8967999815940857
230,2020-11-18,1.186366319656372,0.8949000239372253
231,2020-11-19,1.1847639083862305,0.8936600089073181
232,2020-11-20,1.1866477727890015,0.8956000208854675
233,2020-11-23,1.1866477727890015,0.8918099999427795
234,2020-11-24,1.1842728853225708,0.8884900212287903
235,2020-11-25,1.1900511980056763,0.8903099894523621
236,2020-11-26,1.1920002698898315,0.8901000022888184
237,2020-11-27,1.191599726676941,0.8920000195503235
238,2020-11-30,1.1971460580825806,0.8978899717330933
239,2020-12-01,1.193816065788269,0.8950499892234802
240,2020-12-02,1.2074378728866577,0.8993099927902222
241,2020-12-03,1.2114603519439697,0.9060199856758118
242,2020-12-04,1.2145650386810303,0.9026600122451782
243,2020-12-07,1.212135910987854,0.9033499956130981
244,2020-12-08,1.2113136053085327,0.9068199992179871
245,2020-12-09,1.2110936641693115,0.9057999849319458
246,2020-12-10,1.207875370979309,0.9035500288009644
247,2020-12-11,1.2144293785095215,0.9126600027084351
248,2020-12-14,1.213340401649475,0.9109799861907959
249,2020-12-15,1.214889645576477,0.9113399982452393
250,2020-12-16,1.2154301404953003,0.9039499759674072
251,2020-12-17,1.2199585437774658,0.9031500220298767
252,2020-12-18,1.226271629333496,0.9035900235176086
253,2020-12-21,1.221612811088562,0.9114800095558167
254,2020-12-22,1.2236906290054321,0.9099000096321106
255,2020-12-23,1.2186651229858398,0.9093599915504456
256,2020-12-24,1.2191405296325684,0.9026700258255005
257,2020-12-25,1.2184720039367676,0.8974300026893616
258,2020-12-28,1.2205095291137695,0.8992000222206116
259,2020-12-29,1.2223445177078247,0.907260000705719
260,2020-12-30,1.225295066833496,0.9075899720191956
261,2020-12-31,1.2299896478652954,0.9023600220680237
262,2021-01-01,1.218026876449585,0.8849200010299683
263,2021-01-04,1.2250697612762451,0.8951699733734131
264,2021-01-05,1.2251598834991455,0.9025999903678894
265,2021-01-06,1.230027437210083,0.9024099707603455
266,2021-01-07,1.2341108322143555,0.9055799841880798
267,2021-01-08,1.227144479751587,0.9041600227355957
268,2021-01-11,1.2186205387115479,0.9015300273895264
269,2021-01-12,1.2160701751708984,0.8991000056266785
270,2021-01-13,1.2208894491195679,0.8930799961090088
271,2021-01-14,1.2162491083145142,0.890999972820282
272,2021-01-15,1.2151259183883667,0.8879600167274475
273,2021-01-18,1.2068113088607788,0.8889200091362
274,2021-01-19,1.207729458808899,0.889270007610321
275,2021-01-20,1.2138868570327759,0.8895999789237976
276,2021-01-21,1.2115631103515625,0.8863499760627747
277,2021-01-22,1.2166293859481812,0.8860099911689758
278,2021-01-25,1.216944694519043,0.8889399766921997
279,2021-01-26,1.214624047279358,0.8880000114440918
280,2021-01-27,1.216299295425415,0.8850899934768677
281,2021-01-28,1.2105072736740112,0.8853800296783447
282,2021-01-29,1.2120037078857422,0.8830999732017517
283,2021-02-01,1.2123857736587524,0.8850399851799011
284,2021-02-02,1.2068694829940796,0.8823300004005432
285,2021-02-03,1.203905463218689,0.8812299966812134
286,2021-02-04,1.2042388916015625,0.8823000192642212
287,2021-02-05,1.1966731548309326,0.8749499917030334
288,2021-02-08,1.2048773765563965,0.8769500255584717
289,2021-02-09,1.2053595781326294,0.8767600059509277
290,2021-02-10,1.2119992971420288,0.8769099712371826
291,2021-02-11,1.2121212482452393,0.8760700225830078
292,2021-02-12,1.2131506204605103,0.8781700134277344
293,2021-02-15,1.2122093439102173,0.8738800287246704
294,2021-02-16,1.2132196426391602,0.8719000220298767
295,2021-02-17,1.2092483043670654,0.8705000281333923
296,2021-02-18,1.2048004865646362,0.8686699867248535
297,2021-02-19,1.209189772605896,0.8656499981880188
298,2021-02-22,1.2126356363296509,0.8641999959945679
299,2021-02-23,1.2166796922683716,0.864579975605011
300,2021-02-24,1.215214490890503,0.8607000112533569
301,2021-02-25,1.2171372175216675,0.8601999878883362
302,2021-02-26,1.2160420417785645,0.867900013923645
303,2021-03-01,1.208956003189087,0.8651700019836426
304,2021-03-02,1.2051095962524414,0.8647699952125549
305,2021-03-03,1.208546757698059,0.8659899830818176
306,2021-03-04,1.2050660848617554,0.8652300238609314
307,2021-03-05,1.1967735290527344,0.8613100051879883
308,2021-03-08,1.1925631761550903,0.8607900142669678
309,2021-03-09,1.185171127319336,0.8573099970817566
310,2021-03-10,1.1897906064987183,0.8565999865531921
311,2021-03-11,1.1926058530807495,0.8557999730110168
312,2021-03-12,1.1986095905303955,0.8565499782562256
313,2021-03-15,1.1950000524520874,0.8578199744224548
314,2021-03-16,1.1925773620605469,0.8579999804496765
315,2021-03-17,1.190164566040039,0.8561000227928162
316,2021-03-18,1.1982792615890503,0.8573899865150452
317,2021-03-19,1.1918240785598755,0.8558599948883057
318,2021-03-22,1.1883116960525513,0.8590199947357178
319,2021-03-23,1.193303108215332,0.8608300089836121
320,2021-03-24,1.1840205192565918,0.8622900247573853
321,2021-03-25,1.1813069581985474,0.8624100089073181
322,2021-03-26,1.1776621341705322,0.8564900159835815
323,2021-03-29,1.1788004636764526,0.8547000288963318
324,2021-03-30,1.177100658416748,0.8543400168418884
325,2021-03-31,1.1723604202270508,0.8527899980545044
326,2021-04-01,1.1728830337524414,0.8506500124931335
327,2021-04-02,1.177994966506958,0.8511999845504761
328,2021-04-05,1.176816701889038,0.8507000207901001
329,2021-04-06,1.1818934679031372,0.8493099808692932
330,2021-04-07,1.1874228715896606,0.8586999773979187
331,2021-04-08,1.1873664855957031,0.8640000224113464
332,2021-04-09,1.1915684938430786,0.867389976978302
333,2021-04-12,1.1900511980056763,0.8677399754524231
334,2021-04-13,1.1914690732955933,0.8659999966621399
335,2021-04-14,1.1954143047332764,0.8687199950218201
336,2021-04-15,1.1986095905303955,0.869700014591217
337,2021-04-16,1.1971746683120728,0.8682600259780884
338,2021-04-19,1.1969454288482666,0.866129994392395
339,2021-04-20,1.204529047012329,0.8605999946594238
340,2021-04-21,1.2032392024993896,0.8632199764251709
341,2021-04-22,1.2037750482559204,0.8639900088310242
342,2021-04-23,1.2014753818511963,0.8681100010871887
343,2021-04-26,1.2089852094650269,0.8717899918556213
344,2021-04-27,1.2081671953201294,0.8692700266838074
345,2021-04-28,1.2090305089950562,0.8694000244140625
346,2021-04-29,1.213592290878296,0.8694000244140625
347,2021-04-30,1.2127091884613037,0.8690999746322632
348,2021-05-03,1.2027760744094849,0.8702899813652039
349,2021-05-04,1.2061271667480469,0.8672199845314026
350,2021-05-05,1.2015043497085571,0.8650000095367432
351,2021-05-06,1.2007973194122314,0.8632299900054932
352,2021-05-07,1.2068549394607544,0.8682199716567993
353,2021-05-10,1.2171076536178589,0.8667399883270264
354,2021-05-11,1.2140932083129883,0.8591200113296509
355,2021-05-12,1.2144500017166138,0.8589000105857849
356,2021-05-13,1.2078505754470825,0.8587899804115295
357,2021-05-14,1.207729458808899,0.8597300052642822
358,2021-05-17,1.2150373458862305,0.861549973487854
359,2021-05-18,1.2156872749328613,0.8591899871826172
360,2021-05-19,1.2223997116088867,0.8614400029182434
361,2021-05-20,1.217285394668579,0.8626000285148621
362,2021-05-21,1.222538709640503,0.8615999817848206
363,2021-05-24,1.2183235883712769,0.8613200187683105
364,2021-05-25,1.2214635610580444,0.8628100156784058
365,2021-05-26,1.2249093055725098,0.8659999966621399
366,2021-05-27,1.21925950050354,0.8634999990463257
367,2021-05-28,1.2193188667297363,0.8583999872207642
368,2021-05-31,1.2190067768096924,0.8583999872207642
369,2021-06-01,1.223286509513855,0.8597699999809265
370,2021-06-02,1.2217769622802734,0.8629699945449829
371,2021-06-03,1.220986247062683,0.8615300059318542
372,2021-06-04,1.2133007049560547,0.8598999977111816
373,2021-06-07,1.2168411016464233,0.859000027179718
374,2021-06-08,1.2193634510040283,0.8598799705505371
375,2021-06-09,1.217285394668579,0.860230028629303
376,2021-06-10,1.218200445175171,0.8629999756813049
377,2021-06-11,1.2172558307647705,0.859000027179718
378,2021-06-14,1.2110203504562378,0.857699990272522
379,2021-06-15,1.212224006652832,0.8590800166130066
380,2021-06-16,1.2127091884613037,0.8610100150108337
381,2021-06-17,1.1995586156845093,0.857200026512146
382,2021-06-18,1.1913414001464844,0.854640007019043
383,2021-06-21,1.1873664855957031,0.8590899705886841
384,2021-06-22,1.1912561655044556,0.8554199934005737
385,2021-06-23,1.1936734914779663,0.8555999994277954
386,2021-06-24,1.1933174133300781,0.8539999723434448
387,2021-06-25,1.1930327415466309,0.8570700287818909
388,2021-06-28,1.1942152976989746,0.8593699932098389
389,2021-06-29,1.1928904056549072,0.8593999743461609
390,2021-06-30,1.1901928186416626,0.8597699999809265
391,2021-07-01,1.1856770515441895,0.8572900295257568
392,2021-07-02,1.1846235990524292,0.8608899712562561
393,2021-07-05,1.1856207847595215,0.8571000099182129
394,2021-07-06,1.186380386352539,0.8562399744987488
395,2021-07-07,1.1824523210525513,0.8563600182533264
396,2021-07-08,1.17933988571167,0.8544999957084656
397,2021-07-09,1.184800386428833,0.8589800000190735
398,2021-07-12,1.187295913696289,0.8541300296783447
399,2021-07-13,1.186521053314209,0.854200005531311
400,2021-07-14,1.1775373220443726,0.8527100086212158
401,2021-07-15,1.1833338737487793,0.8536999821662903
402,2021-07-16,1.1811814308166504,0.8540899753570557
403,2021-07-19,1.1814005374908447,0.8580999970436096
404,2021-07-20,1.1793843507766724,0.8626000285148621
405,2021-07-21,1.1784114837646484,0.8640300035476685
406,2021-07-22,1.179273009300232,0.8598099946975708
407,2021-07-23,1.1772738695144653,0.8546900153160095
408,2021-07-26,1.1773432493209839,0.8557999730110168
409,2021-07-27,1.1807769536972046,0.8537399768829346
410,2021-07-28,1.1823126077651978,0.8514400124549866
411,2021-07-29,1.1845955848693848,0.8515999913215637
412,2021-07-30,1.1892997026443481,0.8514999747276306
413,2021-08-02,1.186704158782959,0.8538699746131897
414,2021-08-03,1.1874650716781616,0.8547000288963318
415,2021-08-04,1.1869436502456665,0.8527899980545044
416,2021-08-05,1.1837401390075684,0.8521599769592285
417,2021-08-06,1.1835720539093018,0.8495699763298035
418,2021-08-09,1.1749500036239624,0.8471999764442444
419,2021-08-10,1.17384672164917,0.8474000096321106
420,2021-08-11,1.172333002090454,0.8470199704170227
421,2021-08-12,1.1741899251937866,0.8465499877929688
422,2021-08-13,1.173626184463501,0.8496800065040588
423,2021-08-16,1.179467797279358,0.850629985332489
424,2021-08-17,1.177994966506958,0.8508300185203552
425,2021-08-18,1.1709738969802856,0.8519999980926514
426,2021-08-19,1.1703298091888428,0.8514800071716309
427,2021-08-20,1.1676595211029053,0.8565800189971924
428,2021-08-23,1.1697548627853394,0.8585000038146973
429,2021-08-24,1.1744533777236938,0.8555999994277954
430,2021-08-25,1.175309181213379,0.8562399744987488
431,2021-08-26,1.1774401664733887,0.8551499843597412
432,2021-08-27,1.1756407022476196,0.8578900098800659
433,2021-08-30,1.1799006462097168,0.857200026512146
434,2021-08-31,1.1796904802322388,0.857200026512146
435,2021-09-01,1.1810280084609985,0.8586999773979187
436,2021-09-02,1.1840906143188477,0.8597000241279602
437,2021-09-03,1.1876484155654907,0.8581100106239319
438,2021-09-06,1.1885942220687866,0.8574000000953674
439,2021-09-07,1.1875073909759521,0.8578000068664551
440,2021-09-08,1.184356927871704,0.8594300150871277
441,2021-09-09,1.1819101572036743,0.8584399819374084
442,2021-09-10,1.1825922727584839,0.8542299866676331
443,2021-09-13,1.1811953783035278,0.8534299731254578
444,2021-09-14,1.1811953783035278,0.8533999919891357
445,2021-09-15,1.1804981231689453,0.8546299934387207
446,2021-09-16,1.1819995641708374,0.8533899784088135
447,2021-09-17,1.176747441291809,0.8525699973106384
448,2021-09-20,1.1729930639266968,0.8542699813842773
449,2021-09-21,1.1730204820632935,0.8582900166511536
450,2021-09-22,1.17229163646698,0.858299970626831
451,2021-09-23,1.168770432472229,0.8582599759101868
452,2021-09-24,1.1740258932113647,0.8555999994277954
453,2021-09-27,1.1723054647445679,0.8575699925422668
454,2021-09-28,1.1696795225143433,0.8535900115966797
455,2021-09-29,1.1686338186264038,0.863099992275238
456,2021-09-30,1.1601601839065552,0.8637999892234802
457,2021-10-01,1.1574475765228271,0.8592699766159058
458,2021-10-04,1.160725712776184,0.8550999760627747
459,2021-10-05,1.1618449687957764,0.8536499738693237
460,2021-10-06,1.1596084833145142,0.8509200215339661
461,2021-10-07,1.1555349826812744,0.8500999808311462
462,2021-10-08,1.1559758186340332,0.8485999703407288
463,2021-10-11,1.1566041707992554,0.8493300080299377
464,2021-10-12,1.1553747653961182,0.8497999906539917
465,2021-10-13,1.15340256690979,0.8492000102996826
466,2021-10-14,1.1599582433700562,0.8483499884605408
467,2021-10-15,1.159151554107666,0.8479200005531311
468,2021-10-18,1.1597026586532593,0.8426499962806702
469,2021-10-19,1.161386251449585,0.8453999757766724
470,2021-10-20,1.1631964445114136,0.8432000279426575
471,2021-10-21,1.1655012369155884,0.8429800271987915
472,2021-10-22,1.1625338792800903,0.8428999781608582
473,2021-10-25,1.1640088558197021,0.8456000089645386
474,2021-10-26,1.161170482635498,0.8433799743652344
475,2021-10-27,1.1598236560821533,0.8423500061035156
476,2021-10-28,1.1600120067596436,0.8446099758148193
477,2021-10-29,1.1683608293533325,0.8463799953460693
478,2021-11-01,1.1556684970855713,0.8445299863815308
479,2021-11-02,1.1599582433700562,0.849399983882904
480,2021-11-03,1.1579434871673584,0.8503000140190125
481,2021-11-04,1.1615750789642334,0.8481500148773193
482,2021-11-05,1.1555349826812744,0.8553799986839294
483,2021-11-08,1.1568851470947266,0.8574299812316895
484,2021-11-09,1.159151554107666,0.854200005531311
485,2021-11-10,1.1595547199249268,0.8550000190734863
486,2021-11-11,1.148593544960022,0.8560900092124939
487,2021-11-12,1.145081877708435,0.8564299941062927
488,2021-11-15,1.144164800643921,0.8527200222015381
489,2021-11-16,1.1366478204727173,0.8475499749183655
490,2021-11-17,1.1321182250976562,0.8428999781608582
491,2021-11-18,1.1321182250976562,0.8389999866485596
492,2021-11-19,1.1368415355682373,0.8420600295066833
493,2021-11-22,1.1275737285614014,0.8391000032424927
494,2021-11-23,1.12421452999115,0.8390399813652039
495,2021-11-24,1.1244926452636719,0.8406299948692322
496,2021-11-25,1.1202975511550903,0.8403400182723999
497,2021-11-26,1.1209630966186523,0.8417999744415283
498,2021-11-29,1.1293182373046875,0.8464099764823914
499,2021-11-30,1.1293437480926514,0.8480600118637085
500,2021-12-01,1.1330289840698242,0.8521000146865845
501,2021-12-02,1.1319515705108643,0.8522999882698059
502,2021-12-03,1.1306205987930298,0.8500199913978577
503,2021-12-06,1.1304799318313599,0.8539999723434448
504,2021-12-07,1.128668189048767,0.8506900072097778
505,2021-12-08,1.1276500225067139,0.8510000109672546
506,2021-12-09,1.1345586776733398,0.858739972114563
507,2021-12-10,1.1293309926986694,0.8539299964904785
508,2021-12-13,1.131183385848999,0.8531200289726257
509,2021-12-14,1.1285407543182373,0.8538699746131897
510,2021-12-15,1.1261261701583862,0.8508599996566772
511,2021-12-16,1.1290758848190308,0.8512300252914429
512,2021-12-17,1.1334141492843628,0.850570023059845
513,2021-12-20,1.1243535280227661,0.849810004234314
514,2021-12-21,1.1277517080307007,0.853600025177002
515,2021-12-22,1.128757357597351,0.8505899906158447
516,2021-12-23,1.1328877210617065,0.8482400178909302
517,2021-12-24,1.132733702659607,0.8443899750709534
518,2021-12-27,1.1324259042739868,0.8446499705314636
519,2021-12-28,1.1330032348632812,0.8427799940109253
520,2021-12-29,1.1314777135849,0.8418800234794617
521,2021-12-30,1.1360150575637817,0.8414000272750854
522,2021-12-31,1.132502794265747,0.8385499715805054
523,2022-01-03,1.1373459100723267,0.8410000205039978
524,2022-01-04,1.1302244663238525,0.8381800055503845
525,2022-01-05,1.1283625364303589,0.833899974822998
526,2022-01-06,1.1313496828079224,0.83433997631073
527,2022-01-07,1.1296881437301636,0.8345500230789185
528,2022-01-10,1.1353960037231445,0.8352699875831604
529,2022-01-11,1.1330417394638062,0.8342400193214417
530,2022-01-12,1.1366478204727173,0.8335999846458435
531,2022-01-13,1.144164800643921,0.8344299793243408
532,2022-01-14,1.1457115411758423,0.8353999853134155
533,2022-01-17,1.1410704851150513,0.8344299793243408
534,2022-01-18,1.1410574913024902,0.8359500169754028
535,2022-01-19,1.1329647302627563,0.8329700231552124
536,2022-01-20,1.1343399286270142,0.8335000276565552
537,2022-01-21,1.1313753128051758,0.8319900035858154
538,2022-01-24,1.1341469287872314,0.8366000056266785
539,2022-01-25,1.1324130296707153,0.8394399881362915
540,2022-01-26,1.130454421043396,0.8363900184631348
541,2022-01-27,1.1243535280227661,0.8346999883651733
542,2022-01-28,1.1147029399871826,0.8322100043296814
543,2022-01-31,1.1152374744415283,0.8320099711418152
544,2022-02-01,1.12296462059021,0.8351399898529053
545,2022-02-02,1.1273956298828125,0.8334500193595886
546,2022-02-03,1.1299946308135986,0.832889974117279
547,2022-02-04,1.14357590675354,0.8409299850463867
548,2022-02-07,1.145514726638794,0.846340000629425
549,2022-02-08,1.1442956924438477,0.8451099991798401
550,2022-02-09,1.142126202583313,0.8429999947547913
551,2022-02-10,1.142152190208435,0.8439099788665771
552,2022-02-11,1.1415525674819946,0.8421300053596497
553,2022-02-14,1.1365057229995728,0.8374500274658203
554,2022-02-15,1.1306334733963013,0.8353700041770935
555,2022-02-16,1.1356796026229858,0.8386300206184387
556,2022-02-17,1.1375269889831543,0.8371899724006653
557,2022-02-18,1.1366478204727173,0.8343999981880188
558,2022-02-21,1.131721019744873,0.8325499892234802
559,2022-02-22,1.1309658288955688,0.8317400217056274
560,2022-02-23,1.13291335105896,0.8336300253868103
561,2022-02-24,1.1305694580078125,0.8345800042152405
562,2022-02-25,1.11906898021698,0.8367300033569336
563,2022-02-28,1.118105411529541,0.8359900116920471
564,2022-03-01,1.1215918064117432,0.8352699875831604
565,2022-03-02,1.1132758855819702,0.8346999883651733
566,2022-03-03,1.1112345457077026,0.8294199705123901
567,2022-03-04,1.1066844463348389,0.8289999961853027
568,2022-03-07,1.087453007698059,0.822920024394989
569,2022-03-08,1.0865312814712524,0.828499972820282
570,2022-03-09,1.0898232460021973,0.8319100141525269
571,2022-03-10,1.107382893562317,0.8396999835968018
572,2022-03-11,1.1013944149017334,0.8404600024223328
573,2022-03-14,1.093206763267517,0.8376399874687195
574,2022-03-15,1.0943193435668945,0.8409000039100647
575,2022-03-16,1.0969363451004028,0.8406699895858765
576,2022-03-17,1.1021955013275146,0.8386399745941162
577,2022-03-18,1.1099518537521362,0.8434299826622009
578,2022-03-21,1.1043134927749634,0.8390700221061707
579,2022-03-22,1.101722002029419,0.8365100026130676
580,2022-03-23,1.1029735803604126,0.8312000036239624
581,2022-03-24,1.1006306409835815,0.833329975605011
582,2022-03-25,1.1009578704833984,0.8342900276184082
583,2022-03-28,1.098189115524292,0.8335999846458435
584,2022-03-29,1.0993843078613281,0.8389400243759155
585,2022-03-30,1.1091516017913818,0.8469899892807007
586,2022-03-31,1.1161835193634033,0.8492699861526489
587,2022-04-01,1.1072357892990112,0.8418800234794617
588,2022-04-04,1.1047282218933105,0.8427799940109253
589,2022-04-05,1.0975863933563232,0.836870014667511
590,2022-04-06,1.090643286705017,0.8339400291442871
591,2022-04-07,1.0898232460021973,0.8338000178337097
592,2022-04-08,1.0864840745925903,0.831250011920929
593,2022-04-11,1.0884946584701538,0.8351899981498718
594,2022-04-12,1.0877959728240967,0.8352199792861938
595,2022-04-13,1.0826143026351929,0.8325700163841248
596,2022-04-14,1.089656949043274,0.8304700255393982
597,2022-04-15,1.0820988416671753,0.8274999856948853
598,2022-04-18,1.081525444984436,0.8282099962234497
599,2022-04-19,1.0781787633895874,0.828499972820282
600,2022-04-20,1.0794472694396973,0.8293700218200684
601,2022-04-21,1.0849870443344116,0.8299499750137329
602,2022-04-22,1.0835175514221191,0.8317499756813049
603,2022-04-25,1.0811045169830322,0.8425999879837036
604,2022-04-26,1.0714209079742432,0.8408700227737427
605,2022-04-27,1.0643619298934937,0.845740020275116
606,2022-04-28,1.0555092096328735,0.841509997844696
607,2022-04-29,1.0504201650619507,0.8425999879837036
608,2022-05-02,1.0535964965820312,0.8379499912261963
609,2022-05-03,1.0509058237075806,0.8407899737358093
610,2022-05-04,1.0528532266616821,0.84197998046875
611,2022-05-05,1.0622477531433105,0.8417199850082397
612,2022-05-06,1.0539740324020386,0.8523899912834167
613,2022-05-09,1.053219199180603,0.8546000123023987
614,2022-05-10,1.056579828262329,0.8562300205230713
615,2022-05-11,1.0532968044281006,0.8553000092506409
616,2022-05-12,1.05124831199646,0.8591300249099731
617,2022-05-13,1.0379581451416016,0.8500499725341797
618,2022-05-16,1.0400632619857788,0.8483800292015076
619,2022-05-17,1.0438958406448364,0.8467000126838684
620,2022-05-18,1.0547856092453003,0.8447700142860413
621,2022-05-19,1.0472739934921265,0.8482000231742859
622,2022-05-20,1.057898759841919,0.8487200140953064
623,2022-05-23,1.0569819211959839,0.8452500104904175
624,2022-05-24,1.0682048797607422,0.8498899936676025
625,2022-05-25,1.0736525058746338,0.8557500243186951
626,2022-05-26,1.0686614513397217,0.8490300178527832
627,2022-05-27,1.0732953548431396,0.8505899906158447
628,2022-05-30,1.0731456279754639,0.8497400283813477
629,2022-05-31,1.0773539543151855,0.8518199920654297
630,2022-06-01,1.0734105110168457,0.8513100147247314
631,2022-06-02,1.0654165744781494,0.8529899716377258
632,2022-06-03,1.0751069784164429,0.8547000288963318
633,2022-06-06,1.0726046562194824,0.8585500121116638
634,2022-06-07,1.0691413879394531,0.8535400032997131
635,2022-06-08,1.0698620080947876,0.8499000072479248
636,2022-06-09,1.071765422821045,0.8546000123023987
637,2022-06-10,1.0619205236434937,0.8499900102615356
638,2022-06-13,1.0489987134933472,0.8545100092887878
639,2022-06-14,1.0415147542953491,0.857450008392334
640,2022-06-15,1.0440592765808105,0.8689000010490417
641,2022-06-16,1.0456204414367676,0.8587999939918518
642,2022-06-17,1.0546854734420776,0.853600025177002
643,2022-06-20,1.049141764640808,0.853600025177002
644,2022-06-21,1.0520778894424438,0.8585000038146973
645,2022-06-22,1.053263545036316,0.8585799932479858
646,2022-06-23,1.0564124584197998,0.8622000217437744
647,2022-06-24,1.052011489868164,0.8579199910163879
648,2022-06-27,1.0566133260726929,0.8601999878883362
649,2022-06-28,1.0580891370773315,0.8626000285148621
650,2022-06-29,1.0523545742034912,0.8632400035858154
651,2022-06-30,1.04465913772583,0.8611999750137329
652,2022-07-01,1.0477677583694458,0.8615400195121765
653,2022-07-04,1.0433948040008545,0.8622000217437744
654,2022-07-05,1.0433186292648315,0.8611699938774109
655,2022-07-06,1.0257673263549805,0.8583300113677979
656,2022-07-07,1.0186411142349243,0.8540599942207336
657,2022-07-08,1.0169836282730103,0.8452399969100952
658,2022-07-11,1.0166114568710327,0.8459500074386597
659,2022-07-12,1.004752516746521,0.8442000150680542
660,2022-07-13,1.0033109188079834,0.8444300293922424
661,2022-07-14,1.0032706260681152,0.8456500172615051
662,2022-07-15,1.0025665760040283,0.8466600179672241
663,2022-07-18,1.009631872177124,0.8490999937057495
664,2022-07-19,1.0145177841186523,0.8489000201225281
665,2022-07-20,1.0231330394744873,0.8522999882698059
666,2022-07-21,1.0182781219482422,0.8505799770355225
667,2022-07-22,1.0221081972122192,0.8518999814987183
668,2022-07-25,1.0200231075286865,0.8508800268173218
669,2022-07-26,1.022494912147522,0.8479999899864197
670,2022-07-27,1.0129557847976685,0.8414899706840515
671,2022-07-28,1.0209290981292725,0.8390499949455261
672,2022-07-29,1.0192328691482544,0.8371999859809875
673,2022-08-01,1.0208247900009155,0.8381999731063843
674,2022-08-02,1.0261356830596924,0.8373200297355652
675,2022-08-03,1.015568733215332,0.8362799882888794
676,2022-08-04,1.015764594078064,0.8366000056266785
677,2022-08-05,1.024779200553894,0.8427900075912476
678,2022-08-08,1.0170871019363403,0.8434000015258789
679,2022-08-09,1.0197629928588867,0.8437700271606445
680,2022-08-10,1.0208144187927246,0.8454999923706055
681,2022-08-11,1.0300782918930054,0.8432999849319458
682,2022-08-12,1.0316723585128784,0.8459799885749817
683,2022-08-15,1.0256409645080566,0.8453999757766724
684,2022-08-16,1.0161981582641602,0.8427000045776367
685,2022-08-17,1.0170663595199585,0.8406000137329102
686,2022-08-18,1.0180189609527588,0.8450000286102295
687,2022-08-19,1.0089900493621826,0.8454800248146057
688,2022-08-22,1.0035223960876465,0.8490800261497498
689,2022-08-23,0.9939467906951904,0.8446699976921082
690,2022-08-24,0.9966909885406494,0.8424100279808044
691,2022-08-25,0.9969095587730408,0.8452000021934509
692,2022-08-26,0.9971283078193665,0.8432899713516235
693,2022-08-29,0.993867814540863,0.8497999906539917
694,2022-08-30,1.0014019012451172,0.8539999723434448
695,2022-08-31,1.0025062561035156,0.8597400188446045
696,2022-09-01,1.003905177116394,0.8654900193214417
697,2022-09-02,0.995232880115509,0.8616300225257874
698,2022-09-05,0.9909427762031555,0.86353999376297
699,2022-09-06,0.9952229857444763,0.8603000044822693
700,2022-09-07,0.9897951483726501,0.859749972820282
701,2022-09-08,0.9995701909065247,0.8675900101661682
702,2022-09-09,1.0012015104293823,0.8689000010490417
703,2022-09-12,1.0071406364440918,0.8667100071907043
704,2022-09-13,1.0129557847976685,0.8662599921226501
705,2022-09-14,0.9982032775878906,0.8670899868011475
706,2022-09-15,0.9984025359153748,0.8645899891853333
707,2022-09-16,0.9988313317298889,0.8721299767494202
708,2022-09-19,1.002234935760498,0.8765599727630615
709,2022-09-20,1.0029587745666504,0.8763499855995178
710,2022-09-21,0.997078537940979,0.876010000705719
711,2022-09-22,0.983071506023407,0.8732799887657166
712,2022-09-23,0.9841550588607788,0.8733999729156494
713,2022-09-26,0.968992292881012,0.8970999717712402
714,2022-09-27,0.9623712301254272,0.8932099938392639
715,2022-09-28,0.9596191644668579,0.8944799900054932
716,2022-09-29,0.9708172082901001,0.8958500027656555
717,2022-09-30,0.9829555749893188,0.880020022392273
718,2022-10-03,0.9792688488960266,0.8789499998092651
719,2022-10-04,0.9832068681716919,0.8673999905586243
720,2022-10-05,0.998432457447052,0.8718299865722656
721,2022-10-06,0.9910998940467834,0.8725200295448303
722,2022-10-07,0.9789045453071594,0.8769199848175049
723,2022-10-10,0.9735012650489807,0.9789999723434448
724,2022-10-11,0.9710057377815247,0.876579999923706
725,2022-10-12,0.9700167775154114,0.8843600153923035
726,2022-10-13,0.9707984328269958,0.8741000294685364
727,2022-10-14,0.975134015083313,0.8642699718475342
728,2022-10-17,0.973937451839447,0.8662999868392944
729,2022-10-18,0.9846396446228027,0.8669999837875366
730,2022-10-19,0.9863878488540649,0.86940997838974
731,2022-10-20,0.9766482710838318,0.8710899949073792
732,2022-10-21,0.9778899550437927,0.8711400032043457
733,2022-10-24,0.9860085844993591,0.8690299987792969
734,2022-10-25,0.9886503219604492,0.8740900158882141
735,2022-10-26,0.9963731169700623,0.8691999912261963
736,2022-10-27,1.009193778038025,0.8670799732208252
737,2022-10-28,0.9967803955078125,0.86176997423172
738,2022-10-31,0.9955002665519714,0.858430027961731
739,2022-11-01,0.9886307716369629,0.8621000051498413
740,2022-11-02,0.9877909421920776,0.8596699833869934
741,2022-11-03,0.9814409017562866,0.8617600202560425
742,2022-11-04,0.9749630093574524,0.8726800084114075
743,2022-11-07,0.9928810596466064,0.8761399984359741
744,2022-11-08,1.0018634796142578,0.8697900176048279
745,2022-11-09,1.008084774017334,0.8725299835205078
746,2022-11-10,1.0019538402557373,0.8812999725341797
747,2022-11-11,1.0192224979400635,0.8713099956512451
748,2022-11-14,1.0328551530838013,0.8752999901771545
749,2022-11-15,1.0319278240203857,0.8780199885368347
750,2022-11-16,1.0357863903045654,0.8718000054359436
751,2022-11-17,1.0395010709762573,0.8722100257873535
752,2022-11-18,1.036172866821289,0.8733299970626831
753,2022-11-21,1.0330898761749268,0.8690800070762634
754,2022-11-22,1.0245691537857056,0.8661699891090393
755,2022-11-23,1.0311086177825928,0.8668100237846375
756,2022-11-24,1.0416233539581299,0.8626199960708618
757,2022-11-25,1.040810227394104,0.8591700196266174
758,2022-11-28,1.0367528200149536,0.859969973564148
759,2022-11-29,1.034554123878479,0.8647900223731995
760,2022-11-30,1.0324499607086182,0.864109992980957
761,2022-12-01,1.042535424232483,0.8630200028419495
762,2022-12-02,1.052842140197754,0.8587499856948853
763,2022-12-05,1.0544185638427734,0.8573700189590454
764,2022-12-06,1.0496923923492432,0.8608700037002563
765,2022-12-07,1.0469011068344116,0.8626000285148621
766,2022-12-08,1.051325798034668,0.8607199788093567
767,2022-12-09,1.0559661388397217,0.8627700209617615
768,2022-12-12,1.0522217750549316,0.859000027179718
769,2022-12-13,1.0541739463806152,0.8589900135993958
770,2022-12-14,1.062665343284607,0.8600000143051147
771,2022-12-15,1.0676347017288208,0.8595399856567383
772,2022-12-16,1.064056158065796,0.8725000023841858
773,2022-12-19,1.05850350856781,0.870389997959137
774,2022-12-20,1.0614584684371948,0.8728700280189514
775,2022-12-21,1.062699317932129,0.8714500069618225
776,2022-12-22,1.0610079765319824,0.8782899975776672
777,2022-12-23,1.060333013534546,0.880299985408783
778,2022-12-26,1.0667804479599,0.879069983959198
779,2022-12-27,1.064022183418274,0.8801900148391724
780,2022-12-28,1.0637166500091553,0.8843600153923035
781,2022-12-29,1.062925100326538,0.8836100101470947
782,2022-12-30,1.066075325012207,0.8840699791908264
783,2023-01-02,1.0709733963012695,0.8841400146484375
784,2023-01-03,1.0677714347839355,0.8851100206375122
785,2023-01-04,1.0546854734420776,0.8808900117874146
786,2023-01-05,1.0606365203857422,0.8794699907302856
787,2023-01-06,1.0522217750549316,0.8832399845123291
788,2023-01-09,1.0656323432922363,0.8794400095939636
789,2023-01-10,1.073318362236023,0.880649983882904
790,2023-01-11,1.0738946199417114,0.8834800124168396
791,2023-01-12,1.0766000747680664,0.8852900266647339
792,2023-01-13,1.0860239267349243,0.8888300061225891
793,2023-01-16,1.082461953163147,0.8852699995040894
794,2023-01-17,1.0830129384994507,0.8870900273323059
795,2023-01-18,1.0793308019638062,0.8781999945640564
796,2023-01-19,1.0797853469848633,0.8744300007820129
797,2023-01-20,1.083388328552246,0.8741199970245361
798,2023-01-23,1.086507797241211,0.8756899833679199
799,2023-01-24,1.0874292850494385,0.8781300187110901
800,2023-01-25,1.088814616203308,0.882860004901886
801,2023-01-26,1.0922038555145264,0.879859983921051
802,2023-01-27,1.0894432067871094,0.8773900270462036
803,2023-01-30,1.0871455669403076,0.8766599893569946
804,2023-01-31,1.0850694179534912,0.8785099983215332
805,2023-02-01,1.0860947370529175,0.882319986820221
806,2023-02-02,1.1012852191925049,0.8889999985694885
807,2023-02-03,1.0905125141143799,0.8920599818229675
808,2023-02-06,1.079086184501648,0.8958200216293335
809,2023-02-07,1.0730764865875244,0.8920199871063232
810,2023-02-08,1.0729728937149048,0.890030026435852
811,2023-02-09,1.0715816020965576,0.8875600099563599
812,2023-02-10,1.0742292404174805,0.8866000175476074
813,2023-02-13,1.0677714347839355,0.885890007019043
814,2023-02-14,1.0730419158935547,0.8829399943351746
815,2023-02-15,1.0735719203948975,0.8817700147628784
816,2023-02-16,1.0691757202148438,0.8881199955940247
817,2023-02-17,1.0665756464004517,0.8905900120735168
818,2023-02-20,1.0684444904327393,0.8881099820137024
819,2023-02-21,1.068261981010437,0.887179970741272
820,2023-02-22,1.065200924873352,0.8795999884605408
821,2023-02-23,1.0605803728103638,0.8802700042724609
822,2023-02-24,1.0598047971725464,0.8817999958992004
823,2023-02-27,1.0554758310317993,0.8829900026321411
824,2023-02-28,1.0611205101013184,0.8795400261878967
825,2023-03-01,1.0577309131622314,0.8788300156593323
826,2023-03-02,1.066894292831421,0.8869900107383728
827,2023-03-03,1.0599732398986816,0.8868499994277954
828,2023-03-06,1.0626201629638672,0.8833500146865845
829,2023-03-07,1.0688328742980957,0.8882899880409241
830,2023-03-08,1.05507493019104,0.8917199969291687
831,2023-03-09,1.0549525022506714,0.8901799917221069
832,2023-03-10,1.0584698915481567,0.8877300024032593
833,2023-03-13,1.0683646202087402,0.88441002368927
834,2023-03-14,1.0725010633468628,0.8811299800872803
835,2023-03-15,1.0727657079696655,0.8827499747276306
836,2023-03-16,1.0583354234695435,0.8766099810600281
837,2023-03-17,1.0614134073257446,0.8762800097465515
838,2023-03-20,1.0678855180740356,0.8761299848556519
839,2023-03-21,1.071914792060852,0.8732200264930725
840,2023-03-22,1.0774236917495728,0.8810099959373474
841,2023-03-23,1.0870392322540283,0.8850700259208679
842,2023-03-24,1.0835057497024536,0.8819199800491333
843,2023-03-27,1.077818512916565,0.8794999718666077
844,2023-03-28,1.0807071924209595,0.8787400126457214
845,2023-03-29,1.0839520692825317,0.879010021686554
846,2023-03-30,1.0843634605407715,0.8806399703025818
847,2023-03-31,1.0904649496078491,0.8802400231361389
848,2023-04-03,1.0803335905075073,0.8791599869728088
849,2023-04-04,1.091226577758789,0.8780500292778015
850,2023-04-05,1.0960105657577515,0.8766099810600281
851,2023-04-06,1.090334177017212,0.8748300075531006
852,2023-04-07,1.0920130014419556,0.8778700232505798
853,2023-04-10,1.0913575887680054,0.877810001373291
854,2023-04-11,1.086932897567749,0.8770300149917603
855,2023-04-12,1.0917507410049438,0.8781300187110901
856,2023-04-13,1.0999890565872192,0.8802499771118164
857,2023-04-14,1.1054610013961792,0.8822299838066101
858,2023-04-17,1.098659634590149,0.8857499957084656
859,2023-04-18,1.0925379991531372,0.8827400207519531
860,2023-04-19,1.0975382328033447,0.8831700086593628
861,2023-04-20,1.095218300819397,0.8811299800872803
862,2023-04-21,1.0970927476882935,0.8814399838447571
863,2023-04-24,1.0992271900177002,0.8829699754714966
864,2023-04-25,1.1059499979019165,0.8845999836921692
865,2023-04-26,1.0978394746780396,0.8841500282287598
866,2023-04-27,1.1047282218933105,0.8856300115585327
867,2023-04-28,1.1032048463821411,0.8826799988746643
868,2023-05-01,1.1010911464691162,0.8767799735069275
869,2023-05-02,1.0969241857528687,0.8785200119018555
870,2023-05-03,1.1010911464691162,0.8824700117111206
871,2023-05-04,1.1068925857543945,0.8805999755859375
872,2023-05-05,1.102292776107788,0.8761000037193298
873,2023-05-08,1.10186767578125,0.8723300099372864
874,2023-05-09,1.0996140241622925,0.8717700242996216
875,2023-05-10,1.096467137336731,0.8684399724006653
876,2023-05-11,1.098406195640564,0.8697999715805054
877,2023-05-12,1.0912145376205444,0.8721100091934204
878,2023-05-15,1.0852696895599365,0.8715800046920776
879,2023-05-16,1.0873701572418213,0.8679999709129333
880,2023-05-17,1.0865668058395386,0.8702399730682373
881,2023-05-18,1.0838346481323242,0.8682100176811218
882,2023-05-19,1.0775396823883057,0.8680700063705444
883,2023-05-22,1.0822745561599731,0.8684800267219543
884,2023-05-23,1.0811045169830322,0.869350016117096
885,2023-05-24,1.076971173286438,0.8672699928283691
886,2023-05-25,1.0757315158843994,0.8694300055503845
887,2023-05-26,1.0724436044692993,0.8705099821090698
888,2023-05-29,1.0723055601119995,0.8684300184249878
889,2023-05-30,1.0707669258117676,0.8670099973678589
890,2023-05-31,1.073306918144226,0.864579975605011
891,2023-06-01,1.0695186853408813,0.8589000105857849
892,2023-06-02,1.0760787725448608,0.8590199947357178
893,2023-06-05,1.0698620080947876,0.8605599999427795
894,2023-06-06,1.0711798667907715,0.86149001121521
895,2023-06-07,1.0698047876358032,0.8607100248336792
896,2023-06-08,1.0707440376281738,0.8603600263595581
897,2023-06-09,1.078271746635437,0.8583800196647644
898,2023-06-12,1.0750954151153564,0.8544899821281433
899,2023-06-13,1.0762988328933716,0.8596600294113159
900,2023-06-14,1.078934907913208,0.8555700182914734
901,2023-06-15,1.084304690361023,0.8554099798202515
902,2023-06-16,1.0945948362350464,0.8560500144958496
903,2023-06-19,1.0942115783691406,0.8525999784469604
904,2023-06-20,1.0924304723739624,0.8537600040435791
905,2023-06-21,1.0920368432998657,0.8553100228309631
906,2023-06-22,1.0992635488510132,0.8607000112533569
907,2023-06-23,1.0958904027938843,0.8593999743461609
908,2023-06-26,1.0906671285629272,0.8567500114440918
909,2023-06-27,1.091048002243042,0.8579699993133545
910,2023-06-28,1.0957223176956177,0.8596600294113159
911,2023-06-29,1.0915838479995728,0.8632500171661377
912,2023-06-30,1.0868029594421387,0.8614799976348877
913,2023-07-03,1.0907504558563232,0.8592600226402283
914,2023-07-04,1.091309905052185,0.8597300052642822
915,2023-07-05,1.0884946584701538,0.8553799986839294
916,2023-07-06,1.0856584310531616,0.8543999791145325
917,2023-07-07,1.0890636444091797,0.8546000123023987
918,2023-07-10,1.0969723463058472,0.8543999791145325
919,2023-07-11,1.100594401359558,0.8554999828338623
920,2023-07-12,1.101406455039978,0.8511999845504761
921,2023-07-13,1.1144545078277588,0.857200026512146
922,2023-07-14,1.1223469972610474,0.8548300266265869
923,2023-07-17,1.1227755546569824,0.8576700091362
924,2023-07-18,1.1237596273422241,0.8596400022506714
925,2023-07-19,1.1228890419006348,0.8613799810409546
926,2023-07-20,1.120523452758789,0.8660399913787842
927,2023-07-21,1.113709807395935,0.8649399876594543
928,2023-07-24,1.112532615661621,0.8655099868774414
929,2023-07-25,1.1063170433044434,0.8633999824523926
930,2023-07-26,1.1050456762313843,0.8569899797439575
931,2023-07-27,1.1078368425369263,0.856939971446991
932,2023-07-28,1.0978755950927734,0.8580800294876099
933,2023-07-31,1.1024264097213745,0.8575999736785889
934,2023-08-01,1.0997591018676758,0.8568699955940247
935,2023-08-02,1.1007881164550781,0.8602399826049805
936,2023-08-03,1.0944151878356934,0.860319972038269
937,2023-08-04,1.095158338546753,0.8611000180244446
938,2023-08-07,1.1002674102783203,0.8630599975585938
939,2023-08-08,1.100315809249878,0.8607800006866455
940,2023-08-09,1.0958904027938843,0.860040009021759
941,2023-08-10,1.0977671146392822,0.8629500269889832
942,2023-08-11,1.0981649160385132,0.8666899800300598
943,2023-08-14,1.094439148902893,0.8620700240135193
944,2023-08-15,1.0909883975982666,0.8597000241279602
945,2023-08-16,1.0904173851013184,0.858299970626831
946,2023-08-17,1.0874884128570557,0.8543499708175659
947,2023-08-18,1.0874648094177246,0.8529000282287598
948,2023-08-21,1.087559461593628,0.8534799814224243
949,2023-08-22,1.0898351669311523,0.8539999723434448
950,2023-08-23,1.0846692323684692,0.8518000245094299
951,2023-08-24,1.086578607559204,0.8541300296783447
952,2023-08-25,1.07991361618042,0.8574900031089783
953,2023-08-28,1.0797386169433594,0.8575999736785889
954,2023-08-29,1.0825556516647339,0.8583599925041199
955,2023-08-30,1.0869210958480835,0.8600800037384033
956,2023-08-31,1.0932546854019165,0.859749972820282
957,2023-09-01,1.0844104290008545,0.8556399941444397
958,2023-09-04,1.07758629322052,0.8557999730110168
959,2023-09-05,1.0794472694396973,0.8548700213432312
960,2023-09-06,1.0726161003112793,0.8531200289726257
961,2023-09-07,1.0724204778671265,0.8579699993133545
962,2023-09-08,1.0697818994522095,0.857450008392334
963,2023-09-11,1.071811318397522,0.8580700159072876
964,2023-09-12,1.0750375986099243,0.8591899871826172
965,2023-09-13,1.075326681137085,0.8607000112533569
966,2023-09-14,1.0734220743179321,0.859279990196228
967,2023-09-15,1.0637166500091553,0.8575500249862671
968,2023-09-18,1.0668259859085083,0.8604599833488464
969,2023-09-19,1.0692671537399292,0.8633800148963928
970,2023-09-20,1.0682048797607422,0.8618299961090088
971,2023-09-21,1.065303087234497,0.8639100193977356
972,2023-09-22,1.0661548376083374,0.8671200275421143
973,2023-09-25,1.0648492574691772,0.8697500228881836
974,2023-09-26,1.0591648817062378,0.867110013961792
975,2023-09-27,1.0569483041763306,0.8700299859046936
976,2023-09-28,1.0505305528640747,0.8656200170516968
977,2023-09-29,1.0562450885772705,0.8653900027275085
978,2023-10-02,1.0565240383148193,0.866349995136261
979,2023-10-03,1.0480751991271973,0.8667399883270264
980,2023-10-04,1.0472300052642822,0.8667200207710266
981,2023-10-05,1.0507071018218994,0.8656100034713745
982,2023-10-06,1.0546631813049316,0.8652899861335754
983,2023-10-09,1.056747317314148,0.8646600246429443
984,2023-10-10,1.0578875541687012,0.8635299801826477
985,2023-10-11,1.0604791641235352,0.8628299832344055
986,2023-10-12,1.0624282360076904,0.8624899983406067
987,2023-10-13,1.0536741018295288,0.8647699952125549
988,2023-10-16,1.0521553754806519,0.8656200170516968
989,2023-10-17,1.0554312467575073,0.864139974117279
990,2023-10-18,1.057305932044983,0.8680999875068665
991,2023-10-19,1.053851842880249,0.8678200244903564
992,2023-10-20,1.0586491823196411,0.8720899820327759
993,2023-10-23,1.0589966773986816,0.8705400228500366
994,2023-10-24,1.0669853687286377,0.8708999752998352
995,2023-10-25,1.059535264968872,0.8711299896240234
996,2023-10-26,1.056725025177002,0.873009979724884
997,2023-10-27,1.0564459562301636,0.8704100251197815
998,2023-10-30,1.0562450885772705,0.8719000220298767
999,2023-10-31,1.061503529548645,0.8723999857902527
1000,2023-11-01,1.0579099655151367,0.8707000017166138
1001,2023-11-02,1.05870521068573,0.8689699769020081
1002,2023-11-03,1.0619093179702759,0.8707699775695801
1003,2023-11-06,1.0732147693634033,0.867330014705658
1004,2023-11-07,1.0721560716629028,0.8680999875068665
1005,2023-11-08,1.0696102380752563,0.8700799942016602
1006,2023-11-09,1.0710422992706299,0.8717399835586548
1007,2023-11-10,1.0667576789855957,0.8730400204658508
1008,2023-11-13,1.069015622138977,0.8741599917411804
1009,2023-11-14,1.0701825618743896,0.8713300228118896
1010,2023-11-15,1.0878314971923828,0.8705999851226807
1011,2023-11-16,1.0854581594467163,0.8737499713897705
1012,2023-11-17,1.0853756666183472,0.874180018901825
1013,2023-11-20,1.090702772140503,0.8757200241088867
1014,2023-11-21,1.0945948362350464,0.8749799728393555
1015,2023-11-22,1.0918222665786743,0.870199978351593
1016,2023-11-23,1.0890873670578003,0.8717399835586548
1017,2023-11-24,1.0906314849853516,0.8700000047683716
1018,2023-11-27,1.0940439701080322,0.8682000041007996
1019,2023-11-28,1.0958423614501953,0.8673099875450134
1020,2023-11-29,1.100594401359558,0.8655800223350525
1021,2023-11-30,1.0973695516586304,0.8642899990081787
1022,2023-12-01,1.0892059803009033,0.8622000217437744
1023,2023-12-04,1.088814616203308,0.856410026550293
1024,2023-12-05,1.0837758779525757,0.8577799797058105
1025,2023-12-06,1.0793657302856445,0.8569499850273132
1026,2023-12-07,1.076669692993164,0.8571699857711792
1027,2023-12-08,1.079214334487915,0.8569999933242798
1028,2023-12-11,1.0765769481658936,0.8574399948120117
1029,2023-12-12,1.076658010482788,0.8575000166893005
1030,2023-12-13,1.0798670053482056,0.8589800000190735
1031,2023-12-14,1.0886130332946777,0.8621199727058411
1032,2023-12-15,1.0993602275848389,0.8608599901199341
1033,2023-12-18,1.0895264148712158,0.8597400188446045
1034,2023-12-19,1.092382788658142,0.863349974155426
1035,2023-12-20,1.0981045961380005,0.8624100089073181
1036,2023-12-21,1.0945708751678467,0.8656899929046631
1037,2023-12-22,1.100618600845337,0.8676499724388123
1038,2023-12-25,1.102657437324524,0.8649200201034546
1039,2023-12-26,1.1020255088806152,0.8670300245285034
1040,2023-12-27,1.1043012142181396,0.8676199913024902
1041,2023-12-28,1.110864281654358,0.8674700260162354
1042,2023-12-29,1.1068191528320312,0.8691400289535522
1043,2024-01-01,1.1055831909179688,0.8665300011634827
1044,2024-01-02,1.1038745641708374,0.8670700192451477
1045,2024-01-03,1.0941756963729858,0.8667700290679932
1046,2024-01-04,1.0927767753601074,0.8620100021362305
1047,2024-01-05,1.0947387218475342,0.8630300164222717
1048,2024-01-08,1.0942236185073853,0.860319972038269
1049,2024-01-09,1.095170259475708,0.8592100143432617
1050,2024-01-10,1.0932426452636719,0.8599600195884705
1051,2024-01-11,1.0975141525268555,0.8610100150108337
1052,2024-01-12,1.0981649160385132,0.8593900203704834
1053,2024-01-15,1.0945708751678467,0.8593299984931946
1054,2024-01-16,1.0945708751678467,0.8606100082397461
1055,2024-01-17,1.087878942489624,0.8607199788093567
1056,2024-01-18,1.0885775089263916,0.8586199879646301
1057,2024-01-19,1.0879143476486206,0.85589998960495
1058,2024-01-22,1.089229702949524,0.8576599955558777
1059,2024-01-23,1.088020920753479,0.8560100197792053
1060,2024-01-24,1.0857881307601929,0.8553100228309631
1061,2024-01-25,1.088174819946289,0.8555200099945068
1062,2024-01-26,1.0847046375274658,0.8535000085830688
1063,2024-01-29,1.0843517780303955,0.8539199829101562
1064,2024-01-30,1.0834470987319946,0.8521000146865845
1065,2024-01-31,1.08433997631073,0.8540300130844116
1066,2024-02-01,1.0803920030593872,0.8521000146865845
1067,2024-02-02,1.0874648094177246,0.8530700206756592
1068,2024-02-05,1.0780043601989746,0.8540499806404114
1069,2024-02-06,1.0741831064224243,0.856939971446991
1070,2024-02-07,1.075719952583313,0.8533300161361694
1071,2024-02-08,1.077574610710144,0.8530200123786926
1072,2024-02-09,1.0777255296707153,0.8538900017738342
1073,2024-02-12,1.0798202753067017,0.8544399738311768
1074,2024-02-13,1.0772264003753662,0.8529599905014038
1075,2024-02-14,1.0708931684494019,0.850409984588623
1076,2024-02-15,1.0732147693634033,0.8538600206375122
1077,2024-02-16,1.0773887634277344,0.8550999760627747
1078,2024-02-19,1.0784927606582642,0.8551599979400635
1079,2024-02-20,1.0775396823883057,0.8560000061988831
1080,2024-02-21,1.0813149213790894,0.8561699986457825
1081,2024-02-22,1.0820403099060059,0.8561300039291382
1082,2024-02-23,1.0825674533843994,0.8548200130462646
1083,2024-02-26,1.0820051431655884,0.8537700176239014
1084,2024-02-27,1.0850930213928223,0.8553400039672852
1085,2024-02-28,1.084481120109558,0.8548099994659424
1086,2024-02-29,1.0838816165924072,0.8560199737548828
1087,2024-03-01,1.0804970264434814,0.8557500243186951
1088,2024-03-04,1.084269404411316,0.8563799858093262
1089,2024-03-05,1.0855170488357544,0.8552899956703186
1090,2024-03-06,1.0855995416641235,0.8544399738311768
1091,2024-03-07,1.089953899383545,0.8557800054550171
1092,2024-03-08,1.0950144529342651,0.854449987411499
1093,2024-03-11,1.0942955017089844,0.8512300252914429
1094,2024-03-12,1.093135118484497,0.8526099920272827
1095,2024-03-13,1.0927767753601074,0.8539199829101562
1096,2024-03-14,1.0955302715301514,0.8555499911308289
1097,2024-03-15,1.0883406400680542,0.8538500070571899
1098,2024-03-18,1.0882576704025269,0.8547599911689758
1099,2024-03-19,1.087393879890442,0.8542199730873108
1100,2024-03-20,1.0863306522369385,0.8540099859237671
1101,2024-03-21,1.0937210321426392,0.8544099926948547
1102,2024-03-22,1.0862362384796143,0.8578000068664551
1103,2024-03-25,1.0807539224624634,0.8578500151634216
1104,2024-03-26,1.0838228464126587,0.8575699925422668
1105,2024-03-27,1.0832358598709106,0.8578000068664551
1106,2024-03-28,1.0813382863998413,0.85698002576828
1107,2024-03-29,1.0794472694396973,0.8547899723052979
1108,2024-04-01,1.0792726278305054,0.8540099859237671
1109,2024-04-02,1.0737217664718628,0.8557400107383728
1110,2024-04-03,1.076855182647705,0.8561800122261047
1111,2024-04-04,1.0838346481323242,0.8566399812698364
1112,2024-04-05,1.0837054252624512,0.857200026512146
1113,2024-04-08,1.0830481052398682,0.8578199744224548
1114,2024-04-09,1.0863661766052246,0.8580600023269653
1115,2024-04-10,1.0859296321868896,0.856440007686615
1116,2024-04-11,1.074171543121338,0.8568000197410583
1117,2024-04-12,1.0726851224899292,0.8543400168418884
1118,2024-04-15,1.0649627447128296,0.8543999791145325
1119,2024-04-16,1.0625749826431274,0.8536199927330017
1120,2024-04-17,1.0621461868286133,0.8543999791145325
1121,2024-04-18,1.0669398307800293,0.856689989566803
1122,2024-04-19,1.0644185543060303,0.8558200001716614
1123,2024-04-22,1.065825343132019,0.8611999750137329
1124,2024-04-23,1.065405249595642,0.8626000285148621
1125,2024-04-24,1.0704345703125,0.8594200015068054
1126,2024-04-25,1.0699878931045532,0.858709990978241
1127,2024-04-26,1.072961449623108,0.8575999736785889
1128,2024-04-29,1.0706866979599,0.85589998960495
1129,2024-04-30,1.0715701580047607,0.8531399965286255
1130,2024-05-01,1.0666552782058716,0.8539699912071228
1131,2024-05-02,1.0721560716629028,0.8547400236129761
1132,2024-05-03,1.073306918144226,0.8555099964141846
1133,2024-05-06,1.0758124589920044,0.8578000068664551
1134,2024-05-07,1.0767507553100586,0.8572700023651123
1135,2024-05-08,1.0750491619110107,0.8599200248718262
1136,2024-05-09,1.0746910572052002,0.8601599931716919
1137,2024-05-10,1.078515887260437,0.8607800006866455
1138,2024-05-13,1.077040672302246,0.8600299954414368
1139,2024-05-14,1.079354166984558,0.8592000007629395
1140,2024-05-15,1.0814552307128906,0.859279990196228
1141,2024-05-16,1.0889805555343628,0.857990026473999
1142,2024-05-17,1.0867793560028076,0.8576099872589111
1143,2024-05-20,1.0875475406646729,0.8556699752807617
1144,2024-05-21,1.086082935333252,0.8544399738311768
1145,2024-05-22,1.0855170488357544,0.8539400100708008
1146,2024-05-23,1.0825204849243164,0.8509600162506104
1147,2024-05-24,1.0812681913375854,0.8517199754714966
1148,2024-05-27,1.0847634077072144,0.8517000079154968
1149,2024-05-28,1.0861891508102417,0.8502900004386902
1150,2024-05-29,1.0851871967315674,0.8505399823188782
1151,2024-05-30,1.0801819562911987,0.8506500124931335
1152,2024-05-31,1.0835410356521606,0.8508800268173218
1153,2024-06-03,1.0853049755096436,0.8515300154685974
1154,2024-06-04,1.0907385349273682,0.8514000177383423
1155,2024-06-05,1.0881866216659546,0.8519499897956848
1156,2024-06-06,1.087453007698059,0.8498899936676025
1157,2024-06-07,1.0894432067871094,0.85139000415802
1158,2024-06-10,1.0778882503509521,0.8467299938201904
1159,2024-06-11,1.0764262676239014,0.845740020275116
1160,2024-06-12,1.0740330219268799,0.8428999781608582
1161,2024-06-13,1.0813149213790894,0.8450000286102295
1162,2024-06-14,1.0738831758499146,0.8418200016021729
1163,2024-06-17,1.0702168941497803,0.8438000082969666
1164,2024-06-18,1.0740677118301392,0.8447999954223633
1165,2024-06-19,1.0742292404174805,0.8450000286102295
1166,2024-06-20,1.0751532316207886,0.8449000120162964
1167,2024-06-21,1.0706409215927124,0.8456100225448608
1168,2024-06-24,1.0687757730484009,0.8456699848175049
1169,2024-06-25,1.0732723474502563,0.8461899757385254
1170,2024-06-26,1.0709619522094727,0.844290018081665
1171,2024-06-27,1.068010926246643,0.8461300134658813
1172,2024-06-28,1.0708472728729248,0.846780002117157
1173,2024-07-01,1.0735257863998413,0.8487100005149841
1174,2024-07-02,1.0737102031707764,0.8490200042724609
1175,2024-07-03,1.0748412609100342,0.8468999862670898
1176,2024-07-04,1.0793308019638062,0.8464999794960022
1177,2024-07-05,1.0810693502426147,0.8475000262260437
1178,2024-07-08,1.082602620124817,0.8453099727630615
1179,2024-07-09,1.0830950736999512,0.8450899720191956
1180,2024-07-10,1.0814785957336426,0.8456299901008606
1181,2024-07-11,1.083329677581787,0.8428000211715698
1182,2024-07-12,1.0872756242752075,0.8413400053977966
1183,2024-07-15,1.0885539054870605,0.8394500017166138
1184,2024-07-16,1.0901559591293335,0.8402799963951111
1185,2024-07-17,1.0902509689331055,0.839959979057312
1186,2024-07-18,1.094020128250122,0.8410300016403198
1187,2024-07-19,1.0901559591293335,0.8416399955749512
1188,2024-07-22,1.0899182558059692,0.842710018157959
1189,2024-07-23,1.0889805555343628,0.8420400023460388
1190,2024-07-24,1.0850694179534912,0.840910017490387
1191,2024-07-25,1.0839520692825317,0.8402199745178223
1192,2024-07-26,1.0851283073425293,0.8439099788665771
1193,2024-07-29,1.0853756666183472,0.8434000015258789
1194,2024-07-30,1.081946611404419,0.8412799835205078
1195,2024-07-31,1.0816072225570679,0.8424000144004822
1196,2024-08-01,1.082391619682312,0.8420000076293945
1197,2024-08-02,1.0787602663040161,0.8474400043487549
1198,2024-08-05,1.0910836458206177,0.8531500101089478
1199,2024-08-06,1.0950982570648193,0.8562800288200378
1200,2024-08-07,1.0926215648651123,0.8610000014305115
1201,2024-08-08,1.0928125381469727,0.8618800044059753
1202,2024-08-09,1.0915720462799072,0.8561999797821045
1203,2024-08-12,1.091381311416626,0.8559200167655945
1204,2024-08-13,1.0936251878738403,0.8562899827957153
1205,2024-08-14,1.0996986627578735,0.8546199798583984
1206,2024-08-15,1.1013215780258179,0.8585000038146973
1207,2024-08-16,1.0972732305526733,0.8531200289726257
1208,2024-08-19,1.1024993658065796,0.8514900207519531
1209,2024-08-20,1.1086474657058716,0.8530200123786926
1210,2024-08-21,1.112792730331421,0.8536800146102905
1211,2024-08-22,1.115536093711853,0.8519700169563293
1212,2024-08-23,1.111716389656067,0.8486800193786621
1213,2024-08-26,1.1187934875488281,0.8467199802398682
1214,2024-08-27,1.1164700984954834,0.8462499976158142
1215,2024-08-28,1.117793083190918,0.8431299924850464
1216,2024-08-29,1.1124955415725708,0.8431599736213684
1217,2024-08-30,1.1080454587936401,0.8415200114250183
1218,2024-09-02,1.1044842004776,0.841189980506897
1219,2024-09-03,1.1067456007003784,0.8420900106430054
1220,2024-09-04,1.1048868894577026,0.842490017414093
1221,2024-09-05,1.1080454587936401,0.8424999713897705
1222,2024-09-06,1.1111111640930176,0.8431000113487244
1223,2024-09-09,1.1087212562561035,0.8441799879074097
1224,2024-09-10,1.1037527322769165,0.8442999720573425
1225,2024-09-11,1.1020983457565308,0.8424299955368042
1226,2024-09-12,1.1010911464691162,0.8444300293922424
1227,2024-09-13,1.1077877283096313,0.843500018119812
1228,2024-09-16,1.1088441610336304,0.8440700173377991
1229,2024-09-17,1.1129536628723145,0.8424400091171265
1230,2024-09-18,1.1123099327087402,0.8446000218391418
1231,2024-09-19,1.1114816665649414,0.8417900204658508
1232,2024-09-20,1.1161960363388062,0.8401600122451782
1233,2024-09-23,1.1160838603973389,0.8382200002670288
1234,2024-09-24,1.1111727952957153,0.8323100209236145
1235,2024-09-25,1.1191190481185913,0.8334400057792664
1236,2024-09-26,1.1131023168563843,0.8358399868011475
1237,2024-09-27,1.117717981338501,0.8335000276565552
1238,2024-09-30,1.1169815063476562,0.834559977054596
1239,2024-10-01,1.113660216331482,0.832539975643158
1240,2024-10-02,1.1063904762268066,0.8335400223731995
1241,2024-10-03,1.1048502922058105,0.8327199816703796
1242,2024-10-04,1.103557825088501,0.840470016002655
1243,2024-10-07,1.0974539518356323,0.8359100222587585
1244,2024-10-08,1.0975743532180786,0.838699996471405
1245,2024-10-09,1.0975743532180786,0.8381400108337402
1246,2024-10-10,1.0943313837051392,0.8372399806976318
1247,2024-10-11,1.0933860540390015,0.8370100259780884
1248,2024-10-14,1.0925379991531372,0.8370800018310547
1249,2024-10-15,1.0909169912338257,0.8348699808120728
1250,2024-10-16,1.0884116888046265,0.8328999876976013
1251,2024-10-17,1.0862481594085693,0.8358299732208252
1252,2024-10-18,1.0829542875289917,0.832040011882782
1253,2024-10-21,1.0868619680404663,0.8326399922370911
1254,2024-10-22,1.0817828178405762,0.8330600261688232
1255,2024-10-23,1.079727053642273,0.8316199779510498
1256,2024-10-24,1.0780508518218994,0.8347700238227844
1257,2024-10-25,1.0824151039123535,0.8342300057411194
1258,2024-10-28,1.0796570777893066,0.8331500291824341
1259,2024-10-29,1.0816774368286133,0.8337100148200989
1260,2024-10-30,1.0820636749267578,0.8314599990844727
1261,2024-10-31,1.0859178304672241,0.8378999829292297
1262,2024-11-01,1.0886130332946777,0.8438599705696106
1263,2024-11-04,1.087453007698059,0.839460015296936
1264,2024-11-05,1.0874056816101074,0.8393300175666809
1265,2024-11-06,1.093445897102356,0.8382599949836731
1266,2024-11-07,1.073306918144226,0.8329899907112122
1267,2024-11-08,1.0795172452926636,0.8314899802207947
1268,2024-11-11,1.0714898109436035,0.8294900059700012
1269,2024-11-12,1.066439151763916,0.8282099962234497
1270,2024-11-13,1.061672568321228,0.8335000276565552
1271,2024-11-14,1.0564124584197998,0.8313400149345398
1272,2024-11-15,1.0530084371566772,0.8312100172042847
1273,2024-11-18,1.0533745288848877,0.8348199725151062
1274,2024-11-19,1.059490442276001,0.8355799913406372
1275,2024-11-20,1.0607603788375854,0.8355500102043152
1276,2024-11-21,1.0546187162399292,0.8333600163459778
1277,2024-11-22,1.0469341278076172,0.831849992275238
1278,2024-11-25,1.0479873418807983,0.8320900201797485
1279,2024-11-26,1.0444300174713135,0.8333100080490112
1280,2024-11-27,1.0491198301315308,0.83433997631073
1281,2024-11-28,1.0562450885772705,0.8331300020217896
1282,2024-11-29,1.0563008785247803,0.8318300247192383
1283,2024-12-02,1.0545074939727783,0.8301200270652771
1284,2024-12-03,1.0501223802566528,0.829509973526001
1285,2024-12-04,1.0510826110839844,0.8292400240898132
1286,2024-12-05,1.051414132118225,0.8276299834251404
1287,2024-12-06,1.058559536933899,0.8295999765396118
1288,2024-12-09,1.0565463304519653,0.8286899924278259
1289,2024-12-10,1.0555204153060913,0.8278099894523621
1290,2024-12-11,1.0532968044281006,0.8240299820899963
1291,2024-12-12,1.0506850481033325,0.822950005531311
1292,2024-12-13,1.0474056005477905,0.8257799744606018
1293,2024-12-16,1.051005244255066,0.8322799801826477
1294,2024-12-17,1.0517348051071167,0.8286299705505371
1295,2024-12-18,1.0495051145553589,0.8256300091743469
1296,2024-12-19,1.0350252389907837,0.8235399723052979
1297,2024-12-20,1.0364949703216553,0.8292700052261353
1298,2024-12-23,1.0433076620101929,0.8299700021743774
1299,2024-12-24,1.0405826568603516,0.8300899863243103
1300,2024-12-25,1.0402579307556152,0.8289999961853027
1301,2024-12-26,1.0399551391601562,0.8289999961853027
1302,2024-12-27,1.0423181056976318,0.8317999839782715
1303,2024-12-30,1.0429377555847168,0.8290799856185913
1304,2024-12-31,1.040615200996399,0.8291900157928467
1305,2025-01-02,1.0351860523223877,0.8268300294876099
1306,2025-01-03,1.0268205404281616,0.8293399810791016
1307,2025-01-06,1.0305347442626953,0.829230010509491
1308,2025-01-07,1.0386372804641724,0.8299000263214111
1309,2025-01-08,1.034554123878479,0.8289600014686584
1310,2025-01-09,1.0314701795578003,0.8344799876213074
1311,2025-01-10,1.0297601222991943,0.8371599912643433
1312,2025-01-13,1.0244431495666504,0.8393099904060364
1313,2025-01-14,1.0265253782272339,0.8390799760818481
1314,2025-01-15,1.0306835174560547,0.8439099788665771
1315,2025-01-16,1.0295268297195435,0.8408499956130981
1316,2025-01-17,1.0301949977874756,0.8418999910354614
1317,2025-01-20,1.0277386903762817,0.8443899750709534
1318,2025-01-21,1.0420682430267334,0.8449599742889404
1319,2025-01-22,1.0405935049057007,0.843529999256134
1320,2025-01-23,1.0410159826278687,0.8452100157737732
1321,2025-01-24,1.041601538658142,0.8431599736213684
1322,2025-01-27,1.0467586517333984,0.8401299715042114
1323,2025-01-28,1.0445064306259155,0.8381900191307068
1324,2025-01-29,1.0429050922393799,0.8382200002670288
1325,2025-01-30,1.0425245761871338,0.8369500041007996
1326,2025-01-31,1.0397279262542725,0.8368200063705444
1327,2025-02-03,1.024779200553894,0.8336399793624878
1328,2025-02-04,1.0327378511428833,0.8306599855422974
1329,2025-02-05,1.0372798442840576,0.8312900066375732
1330,2025-02-06,1.0400848388671875,0.8317599892616272
1331,2025-02-07,1.0385725498199463,0.835070013999939
1332,2025-02-10,1.0311616659164429,0.832099974155426
1333,2025-02-11,1.0301525592803955,0.8334299921989441
1334,2025-02-12,1.0364949703216553,0.8323400020599365
1335,2025-02-13,1.039198637008667,0.8346099853515625
1336,2025-02-14,1.0461673736572266,0.8326299786567688
1337,2025-02-17,1.0489217042922974,0.8335000276565552
1338,2025-02-18,1.048536777496338,0.8306900262832642
1339,2025-02-19,1.044833779335022,0.8275200128555298
1340,2025-02-20,1.0421009063720703,0.8281499743461609
1341,2025-02-21,1.0500562191009521,0.8287000060081482
1342,2025-02-24,1.0474823713302612,0.828000009059906
1343,2025-02-25,1.0461344718933105,0.8290200233459473
1344,2025-02-26,1.0524100065231323,0.8301200270652771
1345,2025-02-27,1.0488777160644531,0.8270099759101868
1346,2025-02-28,1.039511799812317,0.8250200152397156
1347,2025-03-03,1.0413846969604492,0.826170027256012
1348,2025-03-04,1.0485037565231323,0.8254299759864807
1349,2025-03-05,1.062699317932129,0.8304200172424316
1350,2025-03-06,1.0794938802719116,0.8372899889945984
1351,2025-03-07,1.0787951946258545,0.837119996547699
1352,2025-03-10,1.086059331893921,0.8397499918937683
1353,2025-03-11,1.0839403867721558,0.8417900204658508
1354,2025-03-12,1.0914170742034912,0.8430699706077576
1355,2025-03-13,1.0886249542236328,0.8396499752998352
1356,2025-03-14,1.085564136505127,0.8377299904823303
1357,2025-03-17,1.0881274938583374,0.8414499759674072
1358,2025-03-18,1.091917634010315,0.8408100008964539
1359,2025-03-19,1.093948245048523,0.8414199948310852
1360,2025-03-20,1.0911908149719238,0.8386099934577942
1361,2025-03-21,1.0856702327728271,0.8371700048446655
1362,2025-03-24,1.0835762023925781,0.8383299708366394
1363,2025-03-25,1.0803569555282593,0.8358700275421143
1364,2025-03-26,1.0787487030029297,0.8332599997520447
1365,2025-03-27,1.0742061138153076,0.8341000080108643
1366,2025-03-28,1.080100178718567,0.833899974822998
1367,2025-03-31,1.082391619682312,0.8365499973297119
1368,2025-04-01,1.0818880796432495,0.8372600078582764
1369,2025-04-02,1.0795987844467163,0.8353300094604492
1370,2025-04-03,1.090869426727295,0.8357999920845032
1371,2025-04-04,1.1043744087219238,0.8436999917030334
1372,2025-04-07,1.098454475402832,0.8507500290870667
1373,2025-04-08,1.0915361642837524,0.8571500182151794
1374,2025-04-09,1.0980443954467773,0.8585000038146973
1375,2025-04-10,1.0952062606811523,0.8538100123405457
1376,2025-04-11,1.1257838010787964,0.8664299845695496
1377,2025-04-14,1.1343141794204712,0.8668000102043152
1378,2025-04-15,1.1339668035507202,0.8607000112533569
1379,2025-04-16,1.1292672157287598,0.8534700274467468
1380,2025-04-17,1.1396790742874146,0.8611000180244446
1381,2025-04-22,1.1512778997421265,0.8604000210762024
1382,2025-04-23,1.1351252794265747,0.8551700115203857
1383,2025-04-24,1.132733702659607,0.8539100289344788
1384,2025-04-25,1.1371906995773315,0.8532500267028809
1385,2025-04-28,1.1343141794204712,0.8534600138664246
1386,2025-04-29,1.1409143209457397,0.8490599989891052
1387,2025-04-30,1.1389262676239014,0.8492100238800049
1388,2025-05-01,1.1324899196624756,0.8498899936676025
1389,2025-05-02,1.1296498775482178,0.8501899838447571
1390,2025-05-05,1.1323232650756836,0.8530899882316589
1391,2025-05-06,1.1313369274139404,0.8510500192642212
1392,2025-05-07,1.1342755556106567,0.8491899967193604
1393,2025-05-08,1.1306205987930298,0.8504700064659119
1394,2025-05-09,1.122422695159912,0.8479899764060974
1395,2025-05-12,1.12296462059021,0.8450199961662292
1396,2025-05-13,1.1095577478408813,0.8419399857521057
1397,2025-05-14,1.1185556650161743,0.8406999707221985
1398,2025-05-15,1.1181930303573608,0.8430100083351135
1399,2025-05-16,1.1192693710327148,0.8411700129508972
1400,2025-05-19,1.1187559366226196,0.8407700061798096
1401,2025-05-20,1.1233429908752441,0.8407300114631653
1402,2025-05-21,1.1287955045700073,0.8425300121307373
1403,2025-05-22,1.133118748664856,0.8443599939346313
1404,2025-05-23,1.1281843185424805,0.8406400084495544
1405,2025-05-26,1.1372811794281006,0.8401299715042114
1406,2025-05-27,1.1388484239578247,0.8394700288772583
1407,2025-05-28,1.1337097883224487,0.838890016078949
1408,2025-05-29,1.123368263244629,0.8363199830055237
1409,2025-05-30,1.1378376483917236,0.842710018157959
1410,2025-06-02,1.1353315114974976,0.8428699970245361
1411,2025-06-03,1.1453442573547363,0.8447700142860413
1412,2025-06-04,1.1384464502334595,0.8412799835205078
1413,2025-06-05,1.1422044038772583,0.8427799940109253
1414,2025-06-06,1.1453834772109985,0.843280017375946
1415,2025-06-09,1.1407841444015503,0.8425499796867371
1416,2025-06-10,1.1428048610687256,0.8428999781608582
1417,2025-06-11,1.143746018409729,0.8466600179672241
1418,2025-06-12,1.1509333848953247,0.8481600284576416
1419,2025-06-13,1.1600254774093628,0.8512399792671204
1420,2025-06-16,1.1556684970855713,0.8510000109672546
1421,2025-06-17,1.1551345586776733,0.8514500260353088
1422,2025-06-18,1.1482638120651245,0.8548799753189087
1423,2025-06-19,1.1477497816085815,0.8554199934005737
1424,2025-06-20,1.1512778997421265,0.8540899753570557
1425,2025-06-23,1.1500862836837769,0.8558899760246277
1426,2025-06-24,1.1599044799804688,0.856190025806427
1427,2025-06-25,1.161224365234375,0.8528599739074707
1428,2025-06-26,1.1683744192123413,0.8532999753952026
1429,2025-06-27,1.1692214012145996,0.8518000245094299
1430,2025-06-30,1.1727453470230103,0.8547300100326538
1431,2025-07-01,1.178717017173767,0.8583599925041199
1432,2025-07-02,1.180553913116455,0.858780026435852
1433,2025-07-03,1.18002450466156,0.8644300103187561
1434,2025-07-04,1.1771491765975952,0.8611800074577332
1435,2025-07-07,1.178078293800354,0.863099992275238
1436,2025-07-08,1.1736538410186768,0.8614299893379211
1437,2025-07-09,1.1724566221237183,0.8629000186920166
1438,2025-07-10,1.17311692237854,0.8629900217056274
1439,2025-07-11,1.1702749729156494,0.8616499900817871
1440,2025-07-14,1.1682106256484985,0.8657000064849854
1441,2025-07-15,1.1666297912597656,0.8687599897384644
1442,2025-07-16,1.1607391834259033,0.8666099905967712
1443,2025-07-17,1.1635754108428955,0.8676000237464905
1444,2025-07-18,1.161548137664795,0.8647000193595886
1445,2025-07-21,1.1630746126174927,0.8668799996376038
1446,2025-07-22,1.1694538593292236,0.8669099807739258
1447,2025-07-23,1.1739156246185303,0.8681399822235107
1448,2025-07-24,1.1774264574050903,0.8669899702072144
1449,2025-07-25,1.1756131649017334,0.870199978351593
1450,2025-07-28,1.1756821870803833,0.8748000264167786
1451,2025-07-29,1.1596757173538208,0.8679500222206116
1452,2025-07-30,1.1550945043563843,0.8649299740791321
1453,2025-07-31,1.1429355144500732,0.8620200157165527
1454,2025-08-01,1.142374038696289,0.8647400140762329
1455,2025-08-04,1.158668041229248,0.8717600107192993
1456,2025-08-05,1.1584129333496094,0.8710899949073792
1457,2025-08-06,1.1579166650772095,0.8705899715423584
1458,2025-08-07,1.1663167476654053,0.8730400204658508
1459,2025-08-08,1.1676650047302246,0.8679599761962891
1460,2025-08-11,1.1647952795028687,0.8663399815559387
1461,2025-08-12,1.1618449687957764,0.8646000027656555
1462,2025-08-13,1.1677058935165405,0.8646799921989441
1463,2025-08-14,1.171289324760437,0.8621399998664856
1464,2025-08-15,1.1651345491409302,0.8610299825668335
1465,2025-08-18,1.1706587076187134,0.8634999990463257
1466,2025-08-19,1.1668338775634766,0.8637499809265137
1467,2025-08-20,1.164252758026123,0.8632400035858154
1468,2025-08-21,1.165175199508667,0.8652799725532532
1469,2025-08-22,1.16130530834198,0.8654000163078308
1470,2025-08-25,1.1709601879119873,0.866599977016449
1471,2025-08-26,1.1618449687957764,0.8632699847221375
1472,2025-08-27,1.1639411449432373,0.8634999990463257
1473,2025-08-28,1.1647952795028687,0.8625100255012512
1474,2025-08-29,1.1681560277938843,0.8645399808883667
1475,2025-09-01,1.1691803932189941,0.8656799793243408
1476,2025-09-02,1.1715912818908691,0.8647000193595886
1477,2025-09-03,1.163602590560913,0.8692399859428406
1478,2025-09-04,1.16604483127594,0.8674600124359131
1479,2025-09-05,1.1656913757324219,0.8670099973678589
1480,2025-09-08,1.1713168621063232,0.8680400252342224
1481,2025-09-09,1.1769136190414429,0.8683300018310547
1482,2025-09-10,1.1702749729156494,0.8654999732971191
1483,2025-09-11,1.1703435182571411,0.8646600246429443
1484,2025-09-12,1.1734747886657715,0.8642600178718567
1485,2025-09-15,1.1726491451263428,0.8651300072669983
1486,2025-09-16,1.1763737201690674,0.8647599816322327
1487,2025-09-17,1.1871408224105835,0.86940997838974
1488,2025-09-18,1.1826341152191162,0.8676199913024902
1489,2025-09-19,1.1791062355041504,0.8696500062942505
1490,2025-09-22,1.1736950874328613,0.871649980545044
1491,2025-09-23,1.1801080703735352,0.8730999827384949
1492,2025-09-24,1.1814465522766113,0.8735899925231934
1493,2025-09-25,1.1744670867919922,0.8730000257492065
1494,2025-09-26,1.166275978088379,0.8744500279426575
1495,2025-09-29,1.170823097229004,0.8729900121688843
1496,2025-09-30,1.1731443405151367,0.8730999827384949
1497,2025-10-01,1.1735849380493164,0.8729400038719177
1498,2025-10-02,1.1734058856964111,0.8704100251197815
1499,2025-10-03,1.1725116968154907,0.8719300031661987
1500,2025-10-06,1.171248197555542,0.8717799782752991
1501,2025-10-07,1.171028733253479,0.8683599829673767
1502,2025-10-08,1.1654603481292725,0.8683000206947327
1503,2025-10-09,1.1631964445114136,0.8677899837493896
1504,2025-10-10,1.156644344329834,0.8693299889564514
1505,2025-10-13,1.160240888595581,0.8699600100517273
1506,2025-10-14,1.1566845178604126,0.8675000071525574
1507,2025-10-15,1.1602274179458618,0.8709400296211243
1508,2025-10-16,1.1646324396133423,0.8687899708747864
1509,2025-10-17,1.1699601411819458,0.8701199889183044
1510,2025-10-20,1.165745735168457,0.8682500123977661
1511,2025-10-21,1.164442539215088,0.8686100244522095
1512,2025-10-22,1.160038948059082,0.867900013923645
1513,2025-10-23,1.1608469486236572,0.8693900108337402
1514,2025-10-24,1.1618045568466187,0.8716700077056885
1515,2025-10-27,1.1631693840026855,0.8730300068855286
1516,2025-10-28,1.165175199508667,0.8733000159263611
1517,2025-10-29,1.1657865047454834,0.8778300285339355
1518,2025-10-30,1.1603351831436157,0.8792999982833862
1519,2025-10-31,1.157246708869934,0.8793500065803528
1520,2025-11-03,1.1528042554855347,0.8776199817657471
1521,2025-11-04,1.1519144773483276,0.8769199848175049
1522,2025-11-05,1.1485539674758911,0.8820000290870667
1523,2025-11-06,1.1496764421463013,0.8807799816131592
1524,2025-11-07,1.1549211740493774,0.87882000207901
1525,2025-11-10,1.1543878316879272,0.8783400058746338
1526,2025-11-11,1.1557220220565796,0.8773099780082703
1527,2025-11-12,1.1587486267089844,0.8809199929237366
1528,2025-11-13,1.159218668937683,0.8829399943351746
1529,2025-11-14,1.1631964445114136,0.8842200040817261
1530,2025-11-17,1.1615345478057861,0.8826000094413757
1531,2025-11-18,1.159057378768921,0.8809700012207031
1532,2025-11-19,1.1581177711486816,0.8807600140571594
1533,2025-11-20,1.154068112373352,0.8834199905395508
1534,2025-11-21,1.1534557342529297,0.8814700245857239
1535,2025-11-24,1.1507612466812134,0.8786500096321106
1536,2025-11-25,1.1520073413848877,0.8789100050926208
1537,2025-11-26,1.156483769416809,0.8788400292396545
1538,2025-11-27,1.1602139472961426,0.8758999705314636
1539,2025-11-28,1.1599851846694946,0.8760200142860413
1540,2025-12-01,1.1601465940475464,0.8762400150299072
1541,2025-12-02,1.1607661247253418,0.8786799907684326
1542,2025-12-03,1.1627906560897827,0.8795700073242188
1543,2025-12-04,1.1666841506958008,0.8741000294685364
1544,2025-12-05,1.1642799377441406,0.8739299774169922
1545,2025-12-08,1.164022445678711,0.8735399842262268
1546,2025-12-09,1.1641442775726318,0.8734400272369385
1547,2025-12-10,1.1628313064575195,0.8740299940109253
1548,2025-12-11,1.1701242923736572,0.8739100098609924
1549,2025-12-12,1.1739431619644165,0.876579999923706
1550,2025-12-15,1.1737639904022217,0.8780199885368347
1551,2025-12-16,1.1759172677993774,0.8792600035667419
