,Date,IR STR
0,2019-10-01,-0.549
1,2019-10-02,-0.551
2,2019-10-03,-0.555
3,2019-10-04,-0.553
4,2019-10-07,-0.554
5,2019-10-08,-0.552
6,2019-10-09,-0.552
7,2019-10-10,-0.552
8,2019-10-11,-0.55
9,2019-10-14,-0.549
10,2019-10-15,-0.551
11,2019-10-16,-0.548
12,2019-10-17,-0.548
13,2019-10-18,-0.547
14,2019-10-21,-0.549
15,2019-10-22,-0.548
16,2019-10-23,-0.547
17,2019-10-24,-0.548
18,2019-10-25,-0.548
19,2019-10-28,-0.548
20,2019-10-29,-0.545
21,2019-10-30,-0.545
22,2019-10-31,-0.543
23,2019-11-01,-0.549
24,2019-11-04,-0.536
25,2019-11-05,-0.541
26,2019-11-06,-0.539
27,2019-11-07,-0.537
28,2019-11-08,-0.54
29,2019-11-11,-0.541
30,2019-11-12,-0.537
31,2019-11-13,-0.531
32,2019-11-14,-0.536
33,2019-11-15,-0.541
34,2019-11-18,-0.541
35,2019-11-19,-0.542
36,2019-11-20,-0.511
37,2019-11-21,-0.542
38,2019-11-22,-0.536
39,2019-11-25,-0.533
40,2019-11-26,-0.533
41,2019-11-27,-0.533
42,2019-11-28,-0.531
43,2019-11-29,-0.532
44,2019-12-02,-0.541
45,2019-12-03,-0.539
46,2019-12-04,-0.54
47,2019-12-05,-0.54
48,2019-12-06,-0.541
49,2019-12-09,-0.541
50,2019-12-10,-0.544
51,2019-12-11,-0.544
52,2019-12-12,-0.544
53,2019-12-13,-0.543
54,2019-12-16,-0.543
55,2019-12-17,-0.536
56,2019-12-18,-0.54
57,2019-12-19,-0.54
58,2019-12-20,-0.54
59,2019-12-23,-0.545
60,2019-12-24,-0.549
61,2019-12-27,-0.542
62,2019-12-30,-0.541
63,2019-12-31,-0.531
64,2020-01-02,-0.539
65,2020-01-03,-0.537
66,2020-01-06,-0.539
67,2020-01-07,-0.54
68,2020-01-08,-0.536
69,2020-01-09,-0.539
70,2020-01-10,-0.538
71,2020-01-13,-0.537
72,2020-01-14,-0.538
73,2020-01-15,-0.538
74,2020-01-16,-0.536
75,2020-01-17,-0.537
76,2020-01-20,-0.538
77,2020-01-21,-0.535
78,2020-01-22,-0.536
79,2020-01-23,-0.537
80,2020-01-24,-0.537
81,2020-01-27,-0.538
82,2020-01-28,-0.536
83,2020-01-29,-0.54
84,2020-01-30,-0.539
85,2020-01-31,-0.539
86,2020-02-03,-0.537
87,2020-02-04,-0.536
88,2020-02-05,-0.536
89,2020-02-06,-0.535
90,2020-02-07,-0.537
91,2020-02-10,-0.537
92,2020-02-11,-0.541
93,2020-02-12,-0.541
94,2020-02-13,-0.54
95,2020-02-14,-0.538
96,2020-02-17,-0.541
97,2020-02-18,-0.536
98,2020-02-19,-0.538
99,2020-02-20,-0.538
100,2020-02-21,-0.539
101,2020-02-24,-0.54
102,2020-02-25,-0.539
103,2020-02-26,-0.539
104,2020-02-27,-0.538
105,2020-02-28,-0.54
106,2020-03-02,-0.542
107,2020-03-03,-0.542
108,2020-03-04,-0.541
109,2020-03-05,-0.54
110,2020-03-06,-0.541
111,2020-03-09,-0.539
112,2020-03-10,-0.541
113,2020-03-11,-0.543
114,2020-03-12,-0.54
115,2020-03-13,-0.541
116,2020-03-16,-0.536
117,2020-03-17,-0.531
118,2020-03-18,-0.529
119,2020-03-19,-0.526
120,2020-03-20,-0.524
121,2020-03-23,-0.525
122,2020-03-24,-0.527
123,2020-03-25,-0.527
124,2020-03-26,-0.529
125,2020-03-27,-0.53
126,2020-03-30,-0.528
127,2020-03-31,-0.522
128,2020-04-01,-0.527
129,2020-04-02,-0.534
130,2020-04-03,-0.539
131,2020-04-06,-0.533
132,2020-04-07,-0.533
133,2020-04-08,-0.535
134,2020-04-09,-0.536
135,2020-04-14,-0.534
136,2020-04-15,-0.535
137,2020-04-16,-0.534
138,2020-04-17,-0.538
139,2020-04-20,-0.541
140,2020-04-21,-0.541
141,2020-04-22,-0.539
142,2020-04-23,-0.539
143,2020-04-24,-0.539
144,2020-04-27,-0.539
145,2020-04-28,-0.541
146,2020-04-29,-0.543
147,2020-04-30,-0.531
148,2020-05-04,-0.543
149,2020-05-05,-0.539
150,2020-05-06,-0.542
151,2020-05-07,-0.541
152,2020-05-08,-0.541
153,2020-05-11,-0.544
154,2020-05-12,-0.543
155,2020-05-13,-0.542
156,2020-05-14,-0.541
157,2020-05-15,-0.543
158,2020-05-18,-0.542
159,2020-05-19,-0.542
160,2020-05-20,-0.545
161,2020-05-21,-0.545
162,2020-05-22,-0.539
163,2020-05-25,-0.54
164,2020-05-26,-0.541
165,2020-05-27,-0.541
166,2020-05-28,-0.541
167,2020-05-29,-0.54
168,2020-06-01,-0.546
169,2020-06-02,-0.542
170,2020-06-03,-0.543
171,2020-06-04,-0.545
172,2020-06-05,-0.544
173,2020-06-08,-0.547
174,2020-06-09,-0.542
175,2020-06-10,-0.548
176,2020-06-11,-0.547
177,2020-06-12,-0.546
178,2020-06-15,-0.547
179,2020-06-16,-0.546
180,2020-06-17,-0.544
181,2020-06-18,-0.544
182,2020-06-19,-0.546
183,2020-06-22,-0.545
184,2020-06-23,-0.544
185,2020-06-24,-0.546
186,2020-06-25,-0.547
187,2020-06-26,-0.547
188,2020-06-29,-0.545
189,2020-06-30,-0.555
190,2020-07-01,-0.548
191,2020-07-02,-0.548
192,2020-07-03,-0.549
193,2020-07-06,-0.55
194,2020-07-07,-0.55
195,2020-07-08,-0.549
196,2020-07-09,-0.549
197,2020-07-10,-0.549
198,2020-07-13,-0.552
199,2020-07-14,-0.551
200,2020-07-15,-0.551
201,2020-07-16,-0.541
202,2020-07-17,-0.551
203,2020-07-20,-0.551
204,2020-07-21,-0.549
205,2020-07-22,-0.55
206,2020-07-23,-0.55
207,2020-07-24,-0.551
208,2020-07-27,-0.552
209,2020-07-28,-0.551
210,2020-07-29,-0.553
211,2020-07-30,-0.552
212,2020-07-31,-0.55
213,2020-08-03,-0.552
214,2020-08-04,-0.551
215,2020-08-05,-0.552
216,2020-08-06,-0.553
217,2020-08-07,-0.553
218,2020-08-10,-0.554
219,2020-08-11,-0.552
220,2020-08-12,-0.552
221,2020-08-13,-0.552
222,2020-08-14,-0.549
223,2020-08-17,-0.553
224,2020-08-18,-0.554
225,2020-08-19,-0.553
226,2020-08-20,-0.553
227,2020-08-21,-0.554
228,2020-08-24,-0.552
229,2020-08-25,-0.553
230,2020-08-26,-0.554
231,2020-08-27,-0.552
232,2020-08-28,-0.552
233,2020-08-31,-0.557
234,2020-09-01,-0.554
235,2020-09-02,-0.555
236,2020-09-03,-0.551
237,2020-09-04,-0.552
238,2020-09-07,-0.551
239,2020-09-08,-0.553
240,2020-09-09,-0.554
241,2020-09-10,-0.554
242,2020-09-11,-0.553
243,2020-09-14,-0.555
244,2020-09-15,-0.551
245,2020-09-16,-0.556
246,2020-09-17,-0.553
247,2020-09-18,-0.552
248,2020-09-21,-0.552
249,2020-09-22,-0.552
250,2020-09-23,-0.551
251,2020-09-24,-0.553
252,2020-09-25,-0.554
253,2020-09-28,-0.555
254,2020-09-29,-0.556
255,2020-09-30,-0.57
256,2020-10-01,-0.558
257,2020-10-02,-0.555
258,2020-10-05,-0.555
259,2020-10-06,-0.556
260,2020-10-07,-0.555
261,2020-10-08,-0.553
262,2020-10-09,-0.553
263,2020-10-12,-0.556
264,2020-10-13,-0.555
265,2020-10-14,-0.556
266,2020-10-15,-0.556
267,2020-10-16,-0.553
268,2020-10-19,-0.553
269,2020-10-20,-0.553
270,2020-10-21,-0.552
271,2020-10-22,-0.554
272,2020-10-23,-0.553
273,2020-10-26,-0.552
274,2020-10-27,-0.554
275,2020-10-28,-0.555
276,2020-10-29,-0.552
277,2020-10-30,-0.557
278,2020-11-02,-0.555
279,2020-11-03,-0.553
280,2020-11-04,-0.558
281,2020-11-05,-0.556
282,2020-11-06,-0.558
283,2020-11-09,-0.558
284,2020-11-10,-0.557
285,2020-11-11,-0.558
286,2020-11-12,-0.548
287,2020-11-13,-0.556
288,2020-11-16,-0.558
289,2020-11-17,-0.557
290,2020-11-18,-0.557
291,2020-11-19,-0.557
292,2020-11-20,-0.557
293,2020-11-23,-0.557
294,2020-11-24,-0.556
295,2020-11-25,-0.554
296,2020-11-26,-0.556
297,2020-11-27,-0.557
298,2020-11-30,-0.56
299,2020-12-01,-0.557
300,2020-12-02,-0.556
301,2020-12-03,-0.556
302,2020-12-04,-0.555
303,2020-12-07,-0.555
304,2020-12-08,-0.559
305,2020-12-09,-0.556
306,2020-12-10,-0.556
307,2020-12-11,-0.557
308,2020-12-14,-0.558
309,2020-12-15,-0.551
310,2020-12-16,-0.557
311,2020-12-17,-0.556
312,2020-12-18,-0.558
313,2020-12-21,-0.557
314,2020-12-22,-0.558
315,2020-12-23,-0.559
316,2020-12-24,-0.555
317,2020-12-28,-0.553
318,2020-12-29,-0.557
319,2020-12-30,-0.555
320,2020-12-31,-0.583
321,2021-01-04,-0.566
322,2021-01-05,-0.563
323,2021-01-06,-0.566
324,2021-01-07,-0.565
325,2021-01-08,-0.562
326,2021-01-11,-0.564
327,2021-01-12,-0.563
328,2021-01-13,-0.562
329,2021-01-14,-0.564
330,2021-01-15,-0.566
331,2021-01-18,-0.565
332,2021-01-19,-0.564
333,2021-01-20,-0.564
334,2021-01-21,-0.562
335,2021-01-22,-0.561
336,2021-01-25,-0.564
337,2021-01-26,-0.558
338,2021-01-27,-0.563
339,2021-01-28,-0.561
340,2021-01-29,-0.564
341,2021-02-01,-0.566
342,2021-02-02,-0.564
343,2021-02-03,-0.558
344,2021-02-04,-0.564
345,2021-02-05,-0.565
346,2021-02-08,-0.563
347,2021-02-09,-0.564
348,2021-02-10,-0.564
349,2021-02-11,-0.565
350,2021-02-12,-0.564
351,2021-02-15,-0.563
352,2021-02-16,-0.564
353,2021-02-17,-0.563
354,2021-02-18,-0.562
355,2021-02-19,-0.563
356,2021-02-22,-0.564
357,2021-02-23,-0.565
358,2021-02-24,-0.564
359,2021-02-25,-0.564
360,2021-02-26,-0.566
361,2021-03-01,-0.563
362,2021-03-02,-0.565
363,2021-03-03,-0.565
364,2021-03-04,-0.565
365,2021-03-05,-0.562
366,2021-03-08,-0.558
367,2021-03-09,-0.56
368,2021-03-10,-0.562
369,2021-03-11,-0.561
370,2021-03-12,-0.562
371,2021-03-15,-0.564
372,2021-03-16,-0.562
373,2021-03-17,-0.561
374,2021-03-18,-0.566
375,2021-03-19,-0.565
376,2021-03-22,-0.566
377,2021-03-23,-0.563
378,2021-03-24,-0.564
379,2021-03-25,-0.564
380,2021-03-26,-0.568
381,2021-03-29,-0.57
382,2021-03-30,-0.57
383,2021-03-31,-0.574
384,2021-04-01,-0.566
385,2021-04-06,-0.567
386,2021-04-07,-0.567
387,2021-04-08,-0.57
388,2021-04-09,-0.568
389,2021-04-12,-0.567
390,2021-04-13,-0.563
391,2021-04-14,-0.56
392,2021-04-15,-0.566
393,2021-04-16,-0.565
394,2021-04-19,-0.567
395,2021-04-20,-0.567
396,2021-04-21,-0.565
397,2021-04-22,-0.565
398,2021-04-23,-0.565
399,2021-04-26,-0.567
400,2021-04-27,-0.56
401,2021-04-28,-0.566
402,2021-04-29,-0.566
403,2021-04-30,-0.569
404,2021-05-03,-0.567
405,2021-05-04,-0.564
406,2021-05-05,-0.566
407,2021-05-06,-0.565
408,2021-05-07,-0.563
409,2021-05-10,-0.567
410,2021-05-11,-0.564
411,2021-05-12,-0.564
412,2021-05-13,-0.564
413,2021-05-14,-0.564
414,2021-05-17,-0.565
415,2021-05-18,-0.558
416,2021-05-19,-0.564
417,2021-05-20,-0.563
418,2021-05-21,-0.564
419,2021-05-24,-0.566
420,2021-05-25,-0.565
421,2021-05-26,-0.565
422,2021-05-27,-0.564
423,2021-05-28,-0.566
424,2021-05-31,-0.571
425,2021-06-01,-0.564
426,2021-06-02,-0.563
427,2021-06-03,-0.563
428,2021-06-04,-0.563
429,2021-06-07,-0.564
430,2021-06-08,-0.563
431,2021-06-09,-0.564
432,2021-06-10,-0.561
433,2021-06-11,-0.566
434,2021-06-14,-0.565
435,2021-06-15,-0.561
436,2021-06-16,-0.562
437,2021-06-17,-0.563
438,2021-06-18,-0.563
439,2021-06-21,-0.564
440,2021-06-22,-0.564
441,2021-06-23,-0.563
442,2021-06-24,-0.565
443,2021-06-25,-0.565
444,2021-06-28,-0.566
445,2021-06-29,-0.568
446,2021-06-30,-0.581
447,2021-07-01,-0.565
448,2021-07-02,-0.565
449,2021-07-05,-0.566
450,2021-07-06,-0.565
451,2021-07-07,-0.565
452,2021-07-08,-0.566
453,2021-07-09,-0.566
454,2021-07-12,-0.568
455,2021-07-13,-0.566
456,2021-07-14,-0.566
457,2021-07-15,-0.566
458,2021-07-16,-0.567
459,2021-07-19,-0.566
460,2021-07-20,-0.567
461,2021-07-21,-0.568
462,2021-07-22,-0.563
463,2021-07-23,-0.567
464,2021-07-26,-0.567
465,2021-07-27,-0.563
466,2021-07-28,-0.567
467,2021-07-29,-0.567
468,2021-07-30,-0.571
469,2021-08-02,-0.565
470,2021-08-03,-0.57
471,2021-08-04,-0.57
472,2021-08-05,-0.566
473,2021-08-06,-0.569
474,2021-08-09,-0.568
475,2021-08-10,-0.567
476,2021-08-11,-0.567
477,2021-08-12,-0.568
478,2021-08-13,-0.569
479,2021-08-16,-0.569
480,2021-08-17,-0.568
481,2021-08-18,-0.567
482,2021-08-19,-0.567
483,2021-08-20,-0.567
484,2021-08-23,-0.568
485,2021-08-24,-0.567
486,2021-08-25,-0.564
487,2021-08-26,-0.57
488,2021-08-27,-0.57
489,2021-08-30,-0.568
490,2021-08-31,-0.57
491,2021-09-01,-0.569
492,2021-09-02,-0.569
493,2021-09-03,-0.568
494,2021-09-06,-0.569
495,2021-09-07,-0.569
496,2021-09-08,-0.569
497,2021-09-09,-0.57
498,2021-09-10,-0.57
499,2021-09-13,-0.571
500,2021-09-14,-0.568
501,2021-09-15,-0.573
502,2021-09-16,-0.567
503,2021-09-17,-0.571
504,2021-09-20,-0.566
505,2021-09-21,-0.571
506,2021-09-22,-0.566
507,2021-09-23,-0.57
508,2021-09-24,-0.569
509,2021-09-27,-0.571
510,2021-09-28,-0.573
511,2021-09-29,-0.572
512,2021-09-30,-0.58
513,2021-10-01,-0.571
514,2021-10-04,-0.569
515,2021-10-05,-0.569
516,2021-10-06,-0.569
517,2021-10-07,-0.568
518,2021-10-08,-0.568
519,2021-10-11,-0.57
520,2021-10-12,-0.562
521,2021-10-13,-0.569
522,2021-10-14,-0.57
523,2021-10-15,-0.572
524,2021-10-18,-0.574
525,2021-10-19,-0.573
526,2021-10-20,-0.571
527,2021-10-21,-0.573
528,2021-10-22,-0.569
529,2021-10-25,-0.571
530,2021-10-26,-0.57
531,2021-10-27,-0.573
532,2021-10-28,-0.573
533,2021-10-29,-0.578
534,2021-11-01,-0.579
535,2021-11-02,-0.569
536,2021-11-03,-0.574
537,2021-11-04,-0.573
538,2021-11-05,-0.572
539,2021-11-08,-0.575
540,2021-11-09,-0.575
541,2021-11-10,-0.576
542,2021-11-11,-0.575
543,2021-11-12,-0.572
544,2021-11-15,-0.569
545,2021-11-16,-0.571
546,2021-11-17,-0.571
547,2021-11-18,-0.571
548,2021-11-19,-0.573
549,2021-11-22,-0.573
550,2021-11-23,-0.574
551,2021-11-24,-0.57
552,2021-11-25,-0.573
553,2021-11-26,-0.573
554,2021-11-29,-0.573
555,2021-11-30,-0.575
556,2021-12-01,-0.574
557,2021-12-02,-0.575
558,2021-12-03,-0.578
559,2021-12-06,-0.578
560,2021-12-07,-0.577
561,2021-12-08,-0.577
562,2021-12-09,-0.578
563,2021-12-10,-0.577
564,2021-12-13,-0.579
565,2021-12-14,-0.577
566,2021-12-15,-0.577
567,2021-12-16,-0.577
568,2021-12-17,-0.576
569,2021-12-20,-0.576
570,2021-12-21,-0.571
571,2021-12-22,-0.574
572,2021-12-23,-0.576
573,2021-12-24,-0.58
574,2021-12-27,-0.576
575,2021-12-28,-0.575
576,2021-12-29,-0.578
577,2021-12-30,-0.58
578,2021-12-31,-0.59
579,2022-01-03,-0.578
580,2022-01-04,-0.578
581,2022-01-05,-0.578
582,2022-01-06,-0.578
583,2022-01-07,-0.58
584,2022-01-10,-0.579
585,2022-01-11,-0.579
586,2022-01-12,-0.578
587,2022-01-13,-0.578
588,2022-01-14,-0.578
589,2022-01-17,-0.578
590,2022-01-18,-0.579
591,2022-01-19,-0.578
592,2022-01-20,-0.579
593,2022-01-21,-0.579
594,2022-01-24,-0.579
595,2022-01-25,-0.578
596,2022-01-26,-0.576
597,2022-01-27,-0.573
598,2022-01-28,-0.573
599,2022-01-31,-0.579
600,2022-02-01,-0.578
601,2022-02-02,-0.578
602,2022-02-03,-0.577
603,2022-02-04,-0.578
604,2022-02-07,-0.578
605,2022-02-08,-0.574
606,2022-02-09,-0.578
607,2022-02-10,-0.572
608,2022-02-11,-0.578
609,2022-02-14,-0.578
610,2022-02-15,-0.576
611,2022-02-16,-0.576
612,2022-02-17,-0.576
613,2022-02-18,-0.576
614,2022-02-21,-0.576
615,2022-02-22,-0.575
616,2022-02-23,-0.576
617,2022-02-24,-0.576
618,2022-02-25,-0.575
619,2022-02-28,-0.58
620,2022-03-01,-0.577
621,2022-03-02,-0.578
622,2022-03-03,-0.579
623,2022-03-04,-0.577
624,2022-03-07,-0.579
625,2022-03-08,-0.579
626,2022-03-09,-0.58
627,2022-03-10,-0.576
628,2022-03-11,-0.577
629,2022-03-14,-0.577
630,2022-03-15,-0.573
631,2022-03-16,-0.577
632,2022-03-17,-0.578
633,2022-03-18,-0.578
634,2022-03-21,-0.578
635,2022-03-22,-0.578
636,2022-03-23,-0.578
637,2022-03-24,-0.578
638,2022-03-25,-0.581
639,2022-03-28,-0.58
640,2022-03-29,-0.579
641,2022-03-30,-0.579
642,2022-03-31,-0.593
643,2022-04-01,-0.582
644,2022-04-04,-0.585
645,2022-04-05,-0.586
646,2022-04-06,-0.584
647,2022-04-07,-0.582
648,2022-04-08,-0.583
649,2022-04-11,-0.584
650,2022-04-12,-0.583
651,2022-04-13,-0.585
652,2022-04-14,-0.586
653,2022-04-19,-0.58
654,2022-04-20,-0.583
655,2022-04-21,-0.585
656,2022-04-22,-0.583
657,2022-04-25,-0.585
658,2022-04-26,-0.582
659,2022-04-27,-0.583
660,2022-04-28,-0.583
661,2022-04-29,-0.586
662,2022-05-02,-0.583
663,2022-05-03,-0.579
664,2022-05-04,-0.585
665,2022-05-05,-0.585
666,2022-05-06,-0.585
667,2022-05-09,-0.586
668,2022-05-10,-0.584
669,2022-05-11,-0.584
670,2022-05-12,-0.577
671,2022-05-13,-0.586
672,2022-05-16,-0.585
673,2022-05-17,-0.585
674,2022-05-18,-0.585
675,2022-05-19,-0.585
676,2022-05-20,-0.585
677,2022-05-23,-0.586
678,2022-05-24,-0.587
679,2022-05-25,-0.587
680,2022-05-26,-0.59
681,2022-05-27,-0.585
682,2022-05-30,-0.586
683,2022-05-31,-0.589
684,2022-06-01,-0.582
685,2022-06-02,-0.585
686,2022-06-03,-0.587
687,2022-06-06,-0.59
688,2022-06-07,-0.583
689,2022-06-08,-0.582
690,2022-06-09,-0.582
691,2022-06-10,-0.581
692,2022-06-13,-0.58
693,2022-06-14,-0.578
694,2022-06-15,-0.58
695,2022-06-16,-0.582
696,2022-06-17,-0.582
697,2022-06-20,-0.581
698,2022-06-21,-0.582
699,2022-06-22,-0.579
700,2022-06-23,-0.578
701,2022-06-24,-0.58
702,2022-06-27,-0.579
703,2022-06-28,-0.581
704,2022-06-29,-0.578
705,2022-06-30,-0.591
706,2022-07-01,-0.58
707,2022-07-04,-0.58
708,2022-07-05,-0.58
709,2022-07-06,-0.58
710,2022-07-07,-0.579
711,2022-07-08,-0.579
712,2022-07-11,-0.58
713,2022-07-12,-0.58
714,2022-07-13,-0.581
715,2022-07-14,-0.582
716,2022-07-15,-0.582
717,2022-07-18,-0.582
718,2022-07-19,-0.583
719,2022-07-20,-0.582
720,2022-07-21,-0.584
721,2022-07-22,-0.582
722,2022-07-25,-0.583
723,2022-07-26,-0.581
724,2022-07-27,-0.085
725,2022-07-28,-0.087
726,2022-07-29,-0.091
727,2022-08-01,-0.088
728,2022-08-02,-0.087
729,2022-08-03,-0.087
730,2022-08-04,-0.084
731,2022-08-05,-0.085
732,2022-08-08,-0.085
733,2022-08-09,-0.085
734,2022-08-10,-0.086
735,2022-08-11,-0.085
736,2022-08-12,-0.088
737,2022-08-15,-0.088
738,2022-08-16,-0.087
739,2022-08-17,-0.087
740,2022-08-18,-0.084
741,2022-08-19,-0.084
742,2022-08-22,-0.082
743,2022-08-23,-0.08
744,2022-08-24,-0.082
745,2022-08-25,-0.08
746,2022-08-26,-0.08
747,2022-08-29,-0.081
748,2022-08-30,-0.084
749,2022-08-31,-0.091
750,2022-09-01,-0.084
751,2022-09-02,-0.083
752,2022-09-05,-0.087
753,2022-09-06,-0.085
754,2022-09-07,-0.076
755,2022-09-08,-0.086
756,2022-09-09,-0.085
757,2022-09-12,-0.086
758,2022-09-13,-0.083
759,2022-09-14,0.662
760,2022-09-15,0.66
761,2022-09-16,0.66
762,2022-09-19,0.657
763,2022-09-20,0.659
764,2022-09-21,0.661
765,2022-09-22,0.661
766,2022-09-23,0.662
767,2022-09-26,0.663
768,2022-09-27,0.662
769,2022-09-28,0.662
770,2022-09-29,0.661
771,2022-09-30,0.642
772,2022-10-03,0.656
773,2022-10-04,0.657
774,2022-10-05,0.652
775,2022-10-06,0.655
776,2022-10-07,0.656
777,2022-10-10,0.655
778,2022-10-11,0.657
779,2022-10-12,0.658
780,2022-10-13,0.658
781,2022-10-14,0.657
782,2022-10-17,0.658
783,2022-10-18,0.657
784,2022-10-19,0.656
785,2022-10-20,0.656
786,2022-10-21,0.657
787,2022-10-24,0.658
788,2022-10-25,0.656
789,2022-10-26,0.656
790,2022-10-27,0.657
791,2022-10-28,0.656
792,2022-10-31,0.648
793,2022-11-01,0.659
794,2022-11-02,1.403
795,2022-11-03,1.403
796,2022-11-04,1.401
797,2022-11-07,1.4
798,2022-11-08,1.4
799,2022-11-09,1.4
800,2022-11-10,1.402
801,2022-11-11,1.404
802,2022-11-14,1.401
803,2022-11-15,1.4
804,2022-11-16,1.401
805,2022-11-17,1.402
806,2022-11-18,1.403
807,2022-11-21,1.403
808,2022-11-22,1.404
809,2022-11-23,1.405
810,2022-11-24,1.405
811,2022-11-25,1.403
812,2022-11-28,1.403
813,2022-11-29,1.402
814,2022-11-30,1.391
815,2022-12-01,1.4
816,2022-12-02,1.4
817,2022-12-05,1.398
818,2022-12-06,1.406
819,2022-12-07,1.399
820,2022-12-08,1.4
821,2022-12-09,1.4
822,2022-12-12,1.4
823,2022-12-13,1.4
824,2022-12-14,1.402
825,2022-12-15,1.403
826,2022-12-16,1.402
827,2022-12-19,1.403
828,2022-12-20,1.403
829,2022-12-21,1.902
830,2022-12-22,1.904
831,2022-12-23,1.907
832,2022-12-27,1.906
833,2022-12-28,1.906
834,2022-12-29,1.905
835,2022-12-30,1.89
836,2023-01-02,1.906
837,2023-01-03,1.904
838,2023-01-04,1.904
839,2023-01-05,1.9
840,2023-01-06,1.898
841,2023-01-09,1.9
842,2023-01-10,1.9
843,2023-01-11,1.9
844,2023-01-12,1.9
845,2023-01-13,1.901
846,2023-01-16,1.902
847,2023-01-17,1.901
848,2023-01-18,1.902
849,2023-01-19,1.903
850,2023-01-20,1.903
851,2023-01-23,1.902
852,2023-01-24,1.904
853,2023-01-25,1.904
854,2023-01-26,1.904
855,2023-01-27,1.906
856,2023-01-30,1.904
857,2023-01-31,1.894
858,2023-02-01,1.901
859,2023-02-02,1.902
860,2023-02-03,1.898
861,2023-02-06,1.901
862,2023-02-07,1.902
863,2023-02-08,2.401
864,2023-02-09,2.401
865,2023-02-10,2.401
866,2023-02-13,2.4
867,2023-02-14,2.4
868,2023-02-15,2.405
869,2023-02-16,2.4
870,2023-02-17,2.398
871,2023-02-20,2.4
872,2023-02-21,2.398
873,2023-02-22,2.399
874,2023-02-23,2.399
875,2023-02-24,2.398
876,2023-02-27,2.398
877,2023-02-28,2.388
878,2023-03-01,2.398
879,2023-03-02,2.399
880,2023-03-03,2.4
881,2023-03-06,2.399
882,2023-03-07,2.398
883,2023-03-08,2.399
884,2023-03-09,2.401
885,2023-03-10,2.403
886,2023-03-13,2.401
887,2023-03-14,2.401
888,2023-03-15,2.4
889,2023-03-16,2.399
890,2023-03-17,2.402
891,2023-03-20,2.398
892,2023-03-21,2.399
893,2023-03-22,2.898
894,2023-03-23,2.899
895,2023-03-24,2.899
896,2023-03-27,2.898
897,2023-03-28,2.894
898,2023-03-29,2.894
899,2023-03-30,2.896
900,2023-03-31,2.884
901,2023-04-03,2.898
902,2023-04-04,2.898
903,2023-04-05,2.902
904,2023-04-06,2.903
905,2023-04-11,2.897
906,2023-04-12,2.898
907,2023-04-13,2.899
908,2023-04-14,2.896
909,2023-04-17,2.897
910,2023-04-18,2.901
911,2023-04-19,2.902
912,2023-04-20,2.904
913,2023-04-21,2.902
914,2023-04-24,2.905
915,2023-04-25,2.901
916,2023-04-26,2.9
917,2023-04-27,2.9
918,2023-04-28,2.894
919,2023-05-02,2.896
920,2023-05-03,2.896
921,2023-05-04,2.897
922,2023-05-05,2.898
923,2023-05-08,2.892
924,2023-05-09,2.894
925,2023-05-10,3.145
926,2023-05-11,3.145
927,2023-05-12,3.148
928,2023-05-15,3.145
929,2023-05-16,3.147
930,2023-05-17,3.151
931,2023-05-18,3.153
932,2023-05-19,3.151
933,2023-05-22,3.15
934,2023-05-23,3.157
935,2023-05-24,3.148
936,2023-05-25,3.148
937,2023-05-26,3.152
938,2023-05-29,3.147
939,2023-05-30,3.148
940,2023-05-31,3.144
941,2023-06-01,3.147
942,2023-06-02,3.148
943,2023-06-05,3.148
944,2023-06-06,3.145
945,2023-06-07,3.144
946,2023-06-08,3.146
947,2023-06-09,3.147
948,2023-06-12,3.147
949,2023-06-13,3.147
950,2023-06-14,3.15
951,2023-06-15,3.147
952,2023-06-16,3.144
953,2023-06-19,3.144
954,2023-06-20,3.144
955,2023-06-21,3.395
956,2023-06-22,3.397
957,2023-06-23,3.4
958,2023-06-26,3.4
959,2023-06-27,3.397
960,2023-06-28,3.4
961,2023-06-29,3.4
962,2023-06-30,3.4
963,2023-07-03,3.399
964,2023-07-04,3.401
965,2023-07-05,3.404
966,2023-07-06,3.406
967,2023-07-07,3.406
968,2023-07-10,3.402
969,2023-07-11,3.404
970,2023-07-12,3.404
971,2023-07-13,3.401
972,2023-07-14,3.402
973,2023-07-17,3.4
974,2023-07-18,3.399
975,2023-07-19,3.4
976,2023-07-20,3.403
977,2023-07-21,3.404
978,2023-07-24,3.405
979,2023-07-25,3.405
980,2023-07-26,3.402
981,2023-07-27,3.403
982,2023-07-28,3.404
983,2023-07-31,3.392
984,2023-08-01,3.404
985,2023-08-02,3.655
986,2023-08-03,3.653
987,2023-08-04,3.653
988,2023-08-07,3.653
989,2023-08-08,3.652
990,2023-08-09,3.649
991,2023-08-10,3.652
992,2023-08-11,3.653
993,2023-08-14,3.656
994,2023-08-15,3.657
995,2023-08-16,3.654
996,2023-08-17,3.654
997,2023-08-18,3.655
998,2023-08-21,3.654
999,2023-08-22,3.655
1000,2023-08-23,3.652
1001,2023-08-24,3.649
1002,2023-08-25,3.652
1003,2023-08-28,3.651
1004,2023-08-29,3.652
1005,2023-08-30,3.652
1006,2023-08-31,3.646
1007,2023-09-01,3.652
1008,2023-09-04,3.652
1009,2023-09-05,3.651
1010,2023-09-06,3.652
1011,2023-09-07,3.652
1012,2023-09-08,3.653
1013,2023-09-11,3.652
1014,2023-09-12,3.654
1015,2023-09-13,3.652
1016,2023-09-14,3.653
1017,2023-09-15,3.65
1018,2023-09-18,3.648
1019,2023-09-19,3.651
1020,2023-09-20,3.901
1021,2023-09-21,3.902
1022,2023-09-22,3.905
1023,2023-09-25,3.904
1024,2023-09-26,3.904
1025,2023-09-27,3.905
1026,2023-09-28,3.906
1027,2023-09-29,3.88
1028,2023-10-02,3.899
1029,2023-10-03,3.9
1030,2023-10-04,3.901
1031,2023-10-05,3.9
1032,2023-10-06,3.899
1033,2023-10-09,3.9
1034,2023-10-10,3.899
1035,2023-10-11,3.901
1036,2023-10-12,3.901
1037,2023-10-13,3.903
1038,2023-10-16,3.902
1039,2023-10-17,3.904
1040,2023-10-18,3.903
1041,2023-10-19,3.905
1042,2023-10-20,3.905
1043,2023-10-23,3.905
1044,2023-10-24,3.904
1045,2023-10-25,3.9
1046,2023-10-26,3.901
1047,2023-10-27,3.903
1048,2023-10-30,3.899
1049,2023-10-31,3.882
1050,2023-11-01,3.9
1051,2023-11-02,3.903
1052,2023-11-03,3.902
1053,2023-11-06,3.9
1054,2023-11-07,3.902
1055,2023-11-08,3.902
1056,2023-11-09,3.902
1057,2023-11-10,3.904
1058,2023-11-13,3.903
1059,2023-11-14,3.902
1060,2023-11-15,3.899
1061,2023-11-16,3.906
1062,2023-11-17,3.902
1063,2023-11-20,3.903
1064,2023-11-21,3.901
1065,2023-11-22,3.902
1066,2023-11-23,3.902
1067,2023-11-24,3.904
1068,2023-11-27,3.903
1069,2023-11-28,3.903
1070,2023-11-29,3.902
1071,2023-11-30,3.891
1072,2023-12-01,3.904
1073,2023-12-04,3.904
1074,2023-12-05,3.905
1075,2023-12-06,3.904
1076,2023-12-07,3.903
1077,2023-12-08,3.903
1078,2023-12-11,3.902
1079,2023-12-12,3.905
1080,2023-12-13,3.905
1081,2023-12-14,3.907
1082,2023-12-15,3.904
1083,2023-12-18,3.901
1084,2023-12-19,3.901
1085,2023-12-20,3.901
1086,2023-12-21,3.899
1087,2023-12-22,3.899
1088,2023-12-27,3.9
1089,2023-12-28,3.9
1090,2023-12-29,3.882
1091,2024-01-02,3.906
1092,2024-01-03,3.904
1093,2024-01-04,3.902
1094,2024-01-05,3.905
1095,2024-01-08,3.904
1096,2024-01-09,3.904
1097,2024-01-10,3.906
1098,2024-01-11,3.905
1099,2024-01-12,3.904
1100,2024-01-15,3.902
1101,2024-01-16,3.905
1102,2024-01-17,3.904
1103,2024-01-18,3.907
1104,2024-01-19,3.904
1105,2024-01-22,3.902
1106,2024-01-23,3.902
1107,2024-01-24,3.905
1108,2024-01-25,3.905
1109,2024-01-26,3.904
1110,2024-01-29,3.907
1111,2024-01-30,3.907
1112,2024-01-31,3.894
1113,2024-02-01,3.905
1114,2024-02-02,3.906
1115,2024-02-05,3.907
1116,2024-02-06,3.908
1117,2024-02-07,3.908
1118,2024-02-08,3.908
1119,2024-02-09,3.91
1120,2024-02-12,3.909
1121,2024-02-13,3.909
1122,2024-02-14,3.911
1123,2024-02-15,3.911
1124,2024-02-16,3.909
1125,2024-02-19,3.91
1126,2024-02-20,3.911
1127,2024-02-21,3.91
1128,2024-02-22,3.909
1129,2024-02-23,3.907
1130,2024-02-26,3.904
1131,2024-02-27,3.905
1132,2024-02-28,3.906
1133,2024-02-29,3.887
1134,2024-03-01,3.904
1135,2024-03-04,3.903
1136,2024-03-05,3.911
1137,2024-03-06,3.905
1138,2024-03-07,3.908
1139,2024-03-08,3.907
1140,2024-03-11,3.904
1141,2024-03-12,3.905
1142,2024-03-13,3.907
1143,2024-03-14,3.908
1144,2024-03-15,3.909
1145,2024-03-18,3.909
1146,2024-03-19,3.908
1147,2024-03-20,3.908
1148,2024-03-21,3.907
1149,2024-03-22,3.909
1150,2024-03-25,3.909
1151,2024-03-26,3.906
1152,2024-03-27,3.906
1153,2024-03-28,3.899
1154,2024-04-02,3.906
1155,2024-04-03,3.911
1156,2024-04-04,3.912
1157,2024-04-05,3.907
1158,2024-04-08,3.908
1159,2024-04-09,3.909
1160,2024-04-10,3.907
1161,2024-04-11,3.907
1162,2024-04-12,3.91
1163,2024-04-15,3.907
1164,2024-04-16,3.911
1165,2024-04-17,3.908
1166,2024-04-18,3.909
1167,2024-04-19,3.91
1168,2024-04-22,3.91
1169,2024-04-23,3.908
1170,2024-04-24,3.911
1171,2024-04-25,3.909
1172,2024-04-26,3.907
1173,2024-04-29,3.906
1174,2024-04-30,3.889
1175,2024-05-02,3.91
1176,2024-05-03,3.908
1177,2024-05-06,3.909
1178,2024-05-07,3.906
1179,2024-05-08,3.905
1180,2024-05-09,3.901
1181,2024-05-10,3.906
1182,2024-05-13,3.907
1183,2024-05-14,3.907
1184,2024-05-15,3.908
1185,2024-05-16,3.904
1186,2024-05-17,3.901
1187,2024-05-20,3.904
1188,2024-05-21,3.912
1189,2024-05-22,3.91
1190,2024-05-23,3.912
1191,2024-05-24,3.91
1192,2024-05-27,3.911
1193,2024-05-28,3.909
1194,2024-05-29,3.909
1195,2024-05-30,3.91
1196,2024-05-31,3.892
1197,2024-06-03,3.913
1198,2024-06-04,3.911
1199,2024-06-05,3.913
1200,2024-06-06,3.911
1201,2024-06-07,3.912
1202,2024-06-10,3.912
1203,2024-06-11,3.909
1204,2024-06-12,3.662
1205,2024-06-13,3.661
1206,2024-06-14,3.662
1207,2024-06-17,3.662
1208,2024-06-18,3.666
1209,2024-06-19,3.663
1210,2024-06-20,3.663
1211,2024-06-21,3.664
1212,2024-06-24,3.663
1213,2024-06-25,3.663
1214,2024-06-26,3.661
1215,2024-06-27,3.662
1216,2024-06-28,3.656
1217,2024-07-01,3.665
1218,2024-07-02,3.662
1219,2024-07-03,3.663
1220,2024-07-04,3.663
1221,2024-07-05,3.663
1222,2024-07-08,3.662
1223,2024-07-09,3.662
1224,2024-07-10,3.663
1225,2024-07-11,3.662
1226,2024-07-12,3.661
1227,2024-07-15,3.661
1228,2024-07-16,3.662
1229,2024-07-17,3.662
1230,2024-07-18,3.663
1231,2024-07-19,3.663
1232,2024-07-22,3.664
1233,2024-07-23,3.665
1234,2024-07-24,3.665
1235,2024-07-25,3.665
1236,2024-07-26,3.663
1237,2024-07-29,3.663
1238,2024-07-30,3.665
1239,2024-07-31,3.653
1240,2024-08-01,3.664
1241,2024-08-02,3.664
1242,2024-08-05,3.664
1243,2024-08-06,3.663
1244,2024-08-07,3.663
1245,2024-08-08,3.665
1246,2024-08-09,3.663
1247,2024-08-12,3.664
1248,2024-08-13,3.664
1249,2024-08-14,3.662
1250,2024-08-15,3.662
1251,2024-08-16,3.664
1252,2024-08-19,3.664
1253,2024-08-20,3.664
1254,2024-08-21,3.663
1255,2024-08-22,3.664
1256,2024-08-23,3.664
1257,2024-08-26,3.665
1258,2024-08-27,3.665
1259,2024-08-28,3.666
1260,2024-08-29,3.664
1261,2024-08-30,3.654
1262,2024-09-02,3.664
1263,2024-09-03,3.663
1264,2024-09-04,3.663
1265,2024-09-05,3.662
1266,2024-09-06,3.663
1267,2024-09-09,3.663
1268,2024-09-10,3.664
1269,2024-09-11,3.664
1270,2024-09-12,3.664
1271,2024-09-13,3.663
1272,2024-09-16,3.662
1273,2024-09-17,3.665
1274,2024-09-18,3.416
1275,2024-09-19,3.414
1276,2024-09-20,3.412
1277,2024-09-23,3.414
1278,2024-09-24,3.415
1279,2024-09-25,3.416
1280,2024-09-26,3.415
1281,2024-09-27,3.415
1282,2024-09-30,3.41
1283,2024-10-01,3.416
1284,2024-10-02,3.41
1285,2024-10-03,3.407
1286,2024-10-04,3.414
1287,2024-10-07,3.413
1288,2024-10-08,3.414
1289,2024-10-09,3.415
1290,2024-10-10,3.414
1291,2024-10-11,3.413
1292,2024-10-14,3.413
1293,2024-10-15,3.413
1294,2024-10-16,3.414
1295,2024-10-17,3.415
1296,2024-10-18,3.415
1297,2024-10-21,3.415
1298,2024-10-22,3.416
1299,2024-10-23,3.166
1300,2024-10-24,3.166
1301,2024-10-25,3.166
1302,2024-10-28,3.164
1303,2024-10-29,3.164
1304,2024-10-30,3.165
1305,2024-10-31,3.155
1306,2024-11-01,3.163
1307,2024-11-04,3.163
1308,2024-11-05,3.163
1309,2024-11-06,3.162
1310,2024-11-07,3.163
1311,2024-11-08,3.163
1312,2024-11-11,3.162
1313,2024-11-12,3.163
1314,2024-11-13,3.164
1315,2024-11-14,3.165
1316,2024-11-15,3.165
1317,2024-11-18,3.165
1318,2024-11-19,3.166
1319,2024-11-20,3.167
1320,2024-11-21,3.167
1321,2024-11-22,3.168
1322,2024-11-25,3.167
1323,2024-11-26,3.165
1324,2024-11-27,3.165
1325,2024-11-28,3.164
1326,2024-11-29,3.163
1327,2024-12-02,3.165
1328,2024-12-03,3.164
1329,2024-12-04,3.165
1330,2024-12-05,3.165
1331,2024-12-06,3.165
1332,2024-12-09,3.164
1333,2024-12-10,3.163
1334,2024-12-11,3.164
1335,2024-12-12,3.164
1336,2024-12-13,3.167
1337,2024-12-16,3.165
1338,2024-12-17,3.164
1339,2024-12-18,2.917
1340,2024-12-19,2.919
1341,2024-12-20,2.916
1342,2024-12-23,2.911
1343,2024-12-24,2.909
1344,2024-12-27,2.916
1345,2024-12-30,2.915
1346,2024-12-31,2.905
1347,2025-01-02,2.92
1348,2025-01-03,2.919
1349,2025-01-06,2.917
1350,2025-01-07,2.918
1351,2025-01-08,2.917
1352,2025-01-09,2.92
1353,2025-01-10,2.917
1354,2025-01-13,2.918
1355,2025-01-14,2.919
1356,2025-01-15,2.92
1357,2025-01-16,2.92
1358,2025-01-17,2.92
1359,2025-01-20,2.919
1360,2025-01-21,2.921
1361,2025-01-22,2.92
1362,2025-01-23,2.922
1363,2025-01-24,2.921
1364,2025-01-27,2.921
1365,2025-01-28,2.921
1366,2025-01-29,2.923
1367,2025-01-30,2.923
1368,2025-01-31,2.912
1369,2025-02-03,2.918
1370,2025-02-04,2.917
1371,2025-02-05,2.666
1372,2025-02-06,2.669
1373,2025-02-07,2.665
1374,2025-02-10,2.664
1375,2025-02-11,2.666
1376,2025-02-12,2.665
1377,2025-02-13,2.667
1378,2025-02-14,2.666
1379,2025-02-17,2.665
1380,2025-02-18,2.666
1381,2025-02-19,2.665
1382,2025-02-20,2.667
1383,2025-02-21,2.666
1384,2025-02-24,2.666
1385,2025-02-25,2.666
1386,2025-02-26,2.665
1387,2025-02-27,2.666
1388,2025-02-28,2.658
1389,2025-03-03,2.663
1390,2025-03-04,2.664
1391,2025-03-05,2.664
1392,2025-03-06,2.666
1393,2025-03-07,2.665
1394,2025-03-10,2.663
1395,2025-03-11,2.663
1396,2025-03-12,2.412
1397,2025-03-13,2.413
1398,2025-03-14,2.417
1399,2025-03-17,2.417
1400,2025-03-18,2.417
1401,2025-03-19,2.416
1402,2025-03-20,2.417
1403,2025-03-21,2.417
1404,2025-03-24,2.418
1405,2025-03-25,2.418
1406,2025-03-26,2.417
1407,2025-03-27,2.417
1408,2025-03-28,2.417
1409,2025-03-31,2.415
1410,2025-04-01,2.42
1411,2025-04-02,2.417
1412,2025-04-03,2.416
1413,2025-04-04,2.415
1414,2025-04-07,2.414
1415,2025-04-08,2.415
1416,2025-04-09,2.415
1417,2025-04-10,2.416
1418,2025-04-11,2.416
1419,2025-04-14,2.417
1420,2025-04-15,2.416
1421,2025-04-16,2.418
1422,2025-04-17,2.417
1423,2025-04-22,2.417
1424,2025-04-23,2.167
1425,2025-04-24,2.169
1426,2025-04-25,2.167
1427,2025-04-28,2.167
1428,2025-04-29,2.167
1429,2025-04-30,2.156
1430,2025-05-02,2.168
1431,2025-05-05,2.167
1432,2025-05-06,2.167
1433,2025-05-07,2.169
1434,2025-05-08,2.171
1435,2025-05-09,2.169
1436,2025-05-12,2.17
1437,2025-05-13,2.172
1438,2025-05-14,2.172
1439,2025-05-15,2.172
1440,2025-05-16,2.17
1441,2025-05-19,2.171
1442,2025-05-20,2.172
1443,2025-05-21,2.169
1444,2025-05-22,2.173
1445,2025-05-23,2.17
1446,2025-05-26,2.168
1447,2025-05-27,2.172
1448,2025-05-28,2.167
1449,2025-05-29,2.161
1450,2025-05-30,2.161
1451,2025-06-02,2.172
1452,2025-06-03,2.172
1453,2025-06-04,2.173
1454,2025-06-05,2.174
1455,2025-06-06,2.173
1456,2025-06-09,2.17
1457,2025-06-10,2.174
1458,2025-06-11,1.924
1459,2025-06-12,1.923
1460,2025-06-13,1.925
1461,2025-06-16,1.924
1462,2025-06-17,1.924
1463,2025-06-18,1.922
1464,2025-06-19,1.917
1465,2025-06-20,1.923
1466,2025-06-23,1.925
1467,2025-06-24,1.926
1468,2025-06-25,1.925
1469,2025-06-26,1.929
1470,2025-06-27,1.928
1471,2025-06-30,1.921
1472,2025-07-01,1.921
1473,2025-07-02,1.923
1474,2025-07-03,1.922
1475,2025-07-04,1.92
1476,2025-07-07,1.92
1477,2025-07-08,1.919
1478,2025-07-09,1.919
1479,2025-07-10,1.921
1480,2025-07-11,1.923
1481,2025-07-14,1.923
1482,2025-07-15,1.922
1483,2025-07-16,1.923
1484,2025-07-17,1.925
1485,2025-07-18,1.923
1486,2025-07-21,1.924
1487,2025-07-22,1.923
1488,2025-07-23,1.924
1489,2025-07-24,1.924
1490,2025-07-25,1.925
1491,2025-07-28,1.923
1492,2025-07-29,1.923
1493,2025-07-30,1.924
1494,2025-07-31,1.919
1495,2025-08-01,1.927
1496,2025-08-04,1.925
1497,2025-08-05,1.924
1498,2025-08-06,1.922
1499,2025-08-07,1.923
1500,2025-08-08,1.922
1501,2025-08-11,1.918
1502,2025-08-12,1.922
1503,2025-08-13,1.923
1504,2025-08-14,1.926
1505,2025-08-15,1.924
1506,2025-08-18,1.924
1507,2025-08-19,1.925
1508,2025-08-20,1.926
1509,2025-08-21,1.926
1510,2025-08-22,1.926
1511,2025-08-25,1.925
1512,2025-08-26,1.926
1513,2025-08-27,1.925
1514,2025-08-28,1.925
1515,2025-08-29,1.92
1516,2025-09-01,1.925
1517,2025-09-02,1.922
1518,2025-09-03,1.923
1519,2025-09-04,1.925
1520,2025-09-05,1.923
1521,2025-09-08,1.922
1522,2025-09-09,1.923
1523,2025-09-10,1.922
1524,2025-09-11,1.925
1525,2025-09-12,1.925
1526,2025-09-15,1.926
1527,2025-09-16,1.926
1528,2025-09-17,1.927
1529,2025-09-18,1.926
1530,2025-09-19,1.925
1531,2025-09-22,1.925
1532,2025-09-23,1.927
1533,2025-09-24,1.928
1534,2025-09-25,1.927
1535,2025-09-26,1.926
1536,2025-09-29,1.926
1537,2025-09-30,1.916
1538,2025-10-01,1.927
1539,2025-10-02,1.923
1540,2025-10-03,1.921
1541,2025-10-06,1.925
1542,2025-10-07,1.926
1543,2025-10-08,1.924
1544,2025-10-09,1.927
1545,2025-10-10,1.926
1546,2025-10-13,1.926
1547,2025-10-14,1.927
1548,2025-10-15,1.928
1549,2025-10-16,1.928
1550,2025-10-17,1.928
1551,2025-10-20,1.927
1552,2025-10-21,1.928
1553,2025-10-22,1.927
1554,2025-10-23,1.929
1555,2025-10-24,1.928
1556,2025-10-27,1.929
1557,2025-10-28,1.93
1558,2025-10-29,1.931
1559,2025-10-30,1.931
1560,2025-10-31,1.921
1561,2025-11-03,1.932
1562,2025-11-04,1.931
1563,2025-11-05,1.929
1564,2025-11-06,1.93
1565,2025-11-07,1.932
1566,2025-11-10,1.931
1567,2025-11-11,1.93
1568,2025-11-12,1.93
1569,2025-11-13,1.93
1570,2025-11-14,1.931
1571,2025-11-17,1.929
1572,2025-11-18,1.93
1573,2025-11-19,1.929
1574,2025-11-20,1.929
1575,2025-11-21,1.926
1576,2025-11-24,1.924
1577,2025-11-25,1.926
1578,2025-11-26,1.928
1579,2025-11-27,1.927
1580,2025-11-28,1.925
1581,2025-12-01,1.93
1582,2025-12-02,1.929
1583,2025-12-03,1.926
1584,2025-12-04,1.929
1585,2025-12-05,1.929
1586,2025-12-08,1.93
1587,2025-12-09,1.929
1588,2025-12-10,1.929
